[{"model": "admin.logentry", "pk": 1, "fields": {"action_time": "2022-11-18T13:04:57.479Z", "user": 1, "content_type": 6, "object_id": "291", "object_repr": "Post object (291)", "action_flag": 3, "change_message": ""}}, {"model": "auth.permission", "pk": 1, "fields": {"name": "Can add permission", "content_type": 1, "codename": "add_permission"}}, {"model": "auth.permission", "pk": 2, "fields": {"name": "Can change permission", "content_type": 1, "codename": "change_permission"}}, {"model": "auth.permission", "pk": 3, "fields": {"name": "Can delete permission", "content_type": 1, "codename": "delete_permission"}}, {"model": "auth.permission", "pk": 4, "fields": {"name": "Can view permission", "content_type": 1, "codename": "view_permission"}}, {"model": "auth.permission", "pk": 5, "fields": {"name": "Can add group", "content_type": 2, "codename": "add_group"}}, {"model": "auth.permission", "pk": 6, "fields": {"name": "Can change group", "content_type": 2, "codename": "change_group"}}, {"model": "auth.permission", "pk": 7, "fields": {"name": "Can delete group", "content_type": 2, "codename": "delete_group"}}, {"model": "auth.permission", "pk": 8, "fields": {"name": "Can view group", "content_type": 2, "codename": "view_group"}}, {"model": "auth.permission", "pk": 9, "fields": {"name": "Can add content type", "content_type": 3, "codename": "add_contenttype"}}, {"model": "auth.permission", "pk": 10, "fields": {"name": "Can change content type", "content_type": 3, "codename": "change_contenttype"}}, {"model": "auth.permission", "pk": 11, "fields": {"name": "Can delete content type", "content_type": 3, "codename": "delete_contenttype"}}, {"model": "auth.permission", "pk": 12, "fields": {"name": "Can view content type", "content_type": 3, "codename": "view_contenttype"}}, {"model": "auth.permission", "pk": 13, "fields": {"name": "Can add user", "content_type": 4, "codename": "add_user"}}, {"model": "auth.permission", "pk": 14, "fields": {"name": "Can change user", "content_type": 4, "codename": "change_user"}}, {"model": "auth.permission", "pk": 15, "fields": {"name": "Can delete user", "content_type": 4, "codename": "delete_user"}}, {"model": "auth.permission", "pk": 16, "fields": {"name": "Can view user", "content_type": 4, "codename": "view_user"}}, {"model": "auth.permission", "pk": 17, "fields": {"name": "Can add relationship", "content_type": 5, "codename": "add_relationship"}}, {"model": "auth.permission", "pk": 18, "fields": {"name": "Can change relationship", "content_type": 5, "codename": "change_relationship"}}, {"model": "auth.permission", "pk": 19, "fields": {"name": "Can delete relationship", "content_type": 5, "codename": "delete_relationship"}}, {"model": "auth.permission", "pk": 20, "fields": {"name": "Can view relationship", "content_type": 5, "codename": "view_relationship"}}, {"model": "auth.permission", "pk": 21, "fields": {"name": "Can add post", "content_type": 6, "codename": "add_post"}}, {"model": "auth.permission", "pk": 22, "fields": {"name": "Can change post", "content_type": 6, "codename": "change_post"}}, {"model": "auth.permission", "pk": 23, "fields": {"name": "Can delete post", "content_type": 6, "codename": "delete_post"}}, {"model": "auth.permission", "pk": 24, "fields": {"name": "Can view post", "content_type": 6, "codename": "view_post"}}, {"model": "auth.permission", "pk": 25, "fields": {"name": "Can add comment", "content_type": 7, "codename": "add_comment"}}, {"model": "auth.permission", "pk": 26, "fields": {"name": "Can change comment", "content_type": 7, "codename": "change_comment"}}, {"model": "auth.permission", "pk": 27, "fields": {"name": "Can delete comment", "content_type": 7, "codename": "delete_comment"}}, {"model": "auth.permission", "pk": 28, "fields": {"name": "Can view comment", "content_type": 7, "codename": "view_comment"}}, {"model": "auth.permission", "pk": 29, "fields": {"name": "Can add media", "content_type": 8, "codename": "add_media"}}, {"model": "auth.permission", "pk": 30, "fields": {"name": "Can change media", "content_type": 8, "codename": "change_media"}}, {"model": "auth.permission", "pk": 31, "fields": {"name": "Can delete media", "content_type": 8, "codename": "delete_media"}}, {"model": "auth.permission", "pk": 32, "fields": {"name": "Can view media", "content_type": 8, "codename": "view_media"}}, {"model": "auth.permission", "pk": 33, "fields": {"name": "Can add relike", "content_type": 9, "codename": "add_relike"}}, {"model": "auth.permission", "pk": 34, "fields": {"name": "Can change relike", "content_type": 9, "codename": "change_relike"}}, {"model": "auth.permission", "pk": 35, "fields": {"name": "Can delete relike", "content_type": 9, "codename": "delete_relike"}}, {"model": "auth.permission", "pk": 36, "fields": {"name": "Can view relike", "content_type": 9, "codename": "view_relike"}}, {"model": "auth.permission", "pk": 37, "fields": {"name": "Can add thread", "content_type": 10, "codename": "add_thread"}}, {"model": "auth.permission", "pk": 38, "fields": {"name": "Can change thread", "content_type": 10, "codename": "change_thread"}}, {"model": "auth.permission", "pk": 39, "fields": {"name": "Can delete thread", "content_type": 10, "codename": "delete_thread"}}, {"model": "auth.permission", "pk": 40, "fields": {"name": "Can view thread", "content_type": 10, "codename": "view_thread"}}, {"model": "auth.permission", "pk": 41, "fields": {"name": "Can add message", "content_type": 11, "codename": "add_message"}}, {"model": "auth.permission", "pk": 42, "fields": {"name": "Can change message", "content_type": 11, "codename": "change_message"}}, {"model": "auth.permission", "pk": 43, "fields": {"name": "Can delete message", "content_type": 11, "codename": "delete_message"}}, {"model": "auth.permission", "pk": 44, "fields": {"name": "Can view message", "content_type": 11, "codename": "view_message"}}, {"model": "auth.permission", "pk": 45, "fields": {"name": "Can add log entry", "content_type": 12, "codename": "add_logentry"}}, {"model": "auth.permission", "pk": 46, "fields": {"name": "Can change log entry", "content_type": 12, "codename": "change_logentry"}}, {"model": "auth.permission", "pk": 47, "fields": {"name": "Can delete log entry", "content_type": 12, "codename": "delete_logentry"}}, {"model": "auth.permission", "pk": 48, "fields": {"name": "Can view log entry", "content_type": 12, "codename": "view_logentry"}}, {"model": "auth.permission", "pk": 49, "fields": {"name": "Can add session", "content_type": 13, "codename": "add_session"}}, {"model": "auth.permission", "pk": 50, "fields": {"name": "Can change session", "content_type": 13, "codename": "change_session"}}, {"model": "auth.permission", "pk": 51, "fields": {"name": "Can delete session", "content_type": 13, "codename": "delete_session"}}, {"model": "auth.permission", "pk": 52, "fields": {"name": "Can view session", "content_type": 13, "codename": "view_session"}}, {"model": "contenttypes.contenttype", "pk": 1, "fields": {"app_label": "auth", "model": "permission"}}, {"model": "contenttypes.contenttype", "pk": 2, "fields": {"app_label": "auth", "model": "group"}}, {"model": "contenttypes.contenttype", "pk": 3, "fields": {"app_label": "contenttypes", "model": "contenttype"}}, {"model": "contenttypes.contenttype", "pk": 4, "fields": {"app_label": "myapp", "model": "user"}}, {"model": "contenttypes.contenttype", "pk": 5, "fields": {"app_label": "myapp", "model": "relationship"}}, {"model": "contenttypes.contenttype", "pk": 6, "fields": {"app_label": "myapp", "model": "post"}}, {"model": "contenttypes.contenttype", "pk": 7, "fields": {"app_label": "myapp", "model": "comment"}}, {"model": "contenttypes.contenttype", "pk": 8, "fields": {"app_label": "myapp", "model": "media"}}, {"model": "contenttypes.contenttype", "pk": 9, "fields": {"app_label": "myapp", "model": "relike"}}, {"model": "contenttypes.contenttype", "pk": 10, "fields": {"app_label": "privatemessages", "model": "thread"}}, {"model": "contenttypes.contenttype", "pk": 11, "fields": {"app_label": "privatemessages", "model": "message"}}, {"model": "contenttypes.contenttype", "pk": 12, "fields": {"app_label": "admin", "model": "logentry"}}, {"model": "contenttypes.contenttype", "pk": 13, "fields": {"app_label": "sessions", "model": "session"}}, {"model": "myapp.user", "pk": 1, "fields": {"password": "pbkdf2_sha256$260000$4R6zJuUzfQJmfd7HdQe11j$uGjToVund+ZhpFQDRC4etYJ04nl0VfRnojd8RcvUNWM=", "last_login": "2022-11-18T17:54:13.765Z", "is_superuser": true, "username": "naturalkind", "first_name": "", "last_name": "", "email": "", "is_staff": true, "is_active": true, "date_joined": "2022-11-11T15:36:57.929Z", "image_user": "1df124c6-2a8_naturalkind.png", "path_data": "", "groups": [], "user_permissions": []}}, {"model": "myapp.user", "pk": 2, "fields": {"password": "pbkdf2_sha256$260000$u9lf6ccq6lBz67aoHH9qml$YCHZKmpSxoBaTbRcqWoPk05Lv1JDXKdNEdeRWHcajsQ=", "last_login": "2022-11-18T13:19:32.694Z", "is_superuser": false, "username": "sadko", "first_name": "", "last_name": "", "email": "", "is_staff": false, "is_active": true, "date_joined": "2022-11-11T17:02:31.250Z", "image_user": "af2e6d11-846_sadko.png", "path_data": "af2e6d11-846", "groups": [], "user_permissions": []}}, {"model": "myapp.user", "pk": 3, "fields": {"password": "pbkdf2_sha256$260000$MU2DOPV2liMHlJpKeQgWVQ$j/fU1daO97rkHBYsq8DOGZAeDzUqqklf1IMMpPI5jfk=", "last_login": "2022-11-18T13:19:51.112Z", "is_superuser": false, "username": "sa1", "first_name": "", "last_name": "", "email": "", "is_staff": false, "is_active": true, "date_joined": "2022-11-11T17:06:53.752Z", "image_user": "35fbf89a-a72_sa1.png", "path_data": "8174b572-3b9", "groups": [], "user_permissions": []}}, {"model": "myapp.user", "pk": 4, "fields": {"password": "pbkdf2_sha256$260000$Y6QTelnkFun1OZz33sdUXv$mte90tfW2snGBwD4435AASQZiLilrqyx7VxVgpzrn9M=", "last_login": "2022-11-11T17:57:01.876Z", "is_superuser": false, "username": "sadko_2", "first_name": "", "last_name": "", "email": "", "is_staff": false, "is_active": true, "date_joined": "2022-11-11T17:57:01.476Z", "image_user": "d9f02b1d-d9f_sadko_2.png", "path_data": "d9f02b1d-d9f", "groups": [], "user_permissions": []}}, {"model": "myapp.user", "pk": 5, "fields": {"password": "pbkdf2_sha256$260000$2YGX96AFY7XK5lZwJk6Fg2$etTo7hkNp/YHlPWqkcZPaJNRTWqgpXR0ljBBXrKRrus=", "last_login": "2022-11-17T16:21:50.456Z", "is_superuser": false, "username": "Octopusking-octopus", "first_name": "", "last_name": "", "email": "", "is_staff": false, "is_active": true, "date_joined": "2022-11-13T15:46:45.524Z", "image_user": "cd98a412-efb_Octopusking-octopus.png", "path_data": "38ae101b-5de", "groups": [], "user_permissions": []}}, {"model": "myapp.relationship", "pk": 1, "fields": {"from_person": 1, "to_person": 2, "status": 1}}, {"model": "myapp.relationship", "pk": 2, "fields": {"from_person": 3, "to_person": 1, "status": 1}}, {"model": "myapp.relationship", "pk": 3, "fields": {"from_person": 5, "to_person": 1, "status": 1}}, {"model": "myapp.relationship", "pk": 4, "fields": {"from_person": 5, "to_person": 3, "status": 1}}, {"model": "myapp.relationship", "pk": 6, "fields": {"from_person": 1, "to_person": 5, "status": 1}}, {"model": "myapp.relationship", "pk": 7, "fields": {"from_person": 1, "to_person": 3, "status": 1}}, {"model": "myapp.relationship", "pk": 8, "fields": {"from_person": 3, "to_person": 2, "status": 1}}, {"model": "myapp.post", "pk": 1, "fields": {"title": "test", "video": "", "image": "ede38304-d58_faa0bd19-9f0.png", "path_data": "", "body": "test", "date_post": "2022-11-11T15:38:32.969Z", "user_post": 1, "slug": "test", "point_likes": 0, "likes": []}}, {"model": "myapp.post", "pk": 2, "fields": {"title": "test", "video": "", "image": "3efa851a-453_462c6e5d-11d.png", "path_data": "", "body": "test", "date_post": "2022-11-11T15:38:57.188Z", "user_post": 1, "slug": "test", "point_likes": 0, "likes": []}}, {"model": "myapp.post", "pk": 3, "fields": {"title": "test", "video": "", "image": "13ddb4fb-296_Male_anatomy_practice_by_Muirin007.jpg", "path_data": "", "body": "test", "date_post": "2022-11-11T15:39:16.352Z", "user_post": 1, "slug": "test", "point_likes": 0, "likes": []}}, {"model": "myapp.post", "pk": 4, "fields": {"title": "test", "video": "", "image": "9daa2e8f-160_Lamour_MorbidKeepWatch_rgb__06868.1417540730.1280.1280.jpg", "path_data": "", "body": "test", "date_post": "2022-11-11T15:39:31.055Z", "user_post": 1, "slug": "test", "point_likes": 0, "likes": []}}, {"model": "myapp.post", "pk": 5, "fields": {"title": "test", "video": "", "image": "d27d3ffd-3bb_d1bda77d-3bd.png", "path_data": "", "body": "test", "date_post": "2022-11-11T15:40:01.209Z", "user_post": 1, "slug": "test", "point_likes": 0, "likes": []}}, {"model": "myapp.post", "pk": 6, "fields": {"title": "test", "video": "", "image": "7af1f4c9-78d_87479_590504.jpg", "path_data": "", "body": "test", "date_post": "2022-11-11T15:40:03.212Z", "user_post": 1, "slug": "test", "point_likes": 0, "likes": []}}, {"model": "myapp.post", "pk": 7, "fields": {"title": "test", "video": "", "image": "b77d4a8c-c34_22-Skull-René-Campbell-Art-in-Animal-Doodle-Drawings-www-designstack-co.jpg", "path_data": "", "body": "test", "date_post": "2022-11-11T15:40:05.215Z", "user_post": 1, "slug": "test", "point_likes": 0, "likes": []}}, {"model": "myapp.post", "pk": 8, "fields": {"title": "test", "video": "", "image": "6e2db5a9-ab8_783099b0-7e3.png", "path_data": "", "body": "test", "date_post": "2022-11-11T15:40:07.218Z", "user_post": 1, "slug": "test", "point_likes": 0, "likes": []}}, {"model": "myapp.post", "pk": 9, "fields": {"title": "test", "video": "", "image": "39224901-bb6_10156844.jpg", "path_data": "", "body": "test", "date_post": "2022-11-11T15:40:09.220Z", "user_post": 1, "slug": "test", "point_likes": 0, "likes": []}}, {"model": "myapp.post", "pk": 10, "fields": {"title": "test", "video": "", "image": "4cf90402-082_hands_tutorial_difficult_by_juacamo-d3h4twp.jpg", "path_data": "", "body": "test", "date_post": "2022-11-11T15:40:11.226Z", "user_post": 1, "slug": "test", "point_likes": 0, "likes": []}}, {"model": "myapp.post", "pk": 11, "fields": {"title": "test", "video": "", "image": "87c2a23b-fef_b31751fe-907.png", "path_data": "", "body": "test", "date_post": "2022-11-11T16:26:04.468Z", "user_post": 1, "slug": "test", "point_likes": 0, "likes": []}}, {"model": "myapp.post", "pk": 12, "fields": {"title": "test", "video": "", "image": "db5247ab-ae4_I-72.jpg", "path_data": "", "body": "test", "date_post": "2022-11-11T16:26:06.472Z", "user_post": 1, "slug": "test", "point_likes": 0, "likes": []}}, {"model": "myapp.post", "pk": 13, "fields": {"title": "test", "video": "", "image": "9c15df24-0c5_Manticore2009dm.jpg", "path_data": "", "body": "test", "date_post": "2022-11-11T16:26:08.473Z", "user_post": 1, "slug": "test", "point_likes": 0, "likes": []}}, {"model": "myapp.post", "pk": 14, "fields": {"title": "test", "video": "", "image": "3968d7f6-285_psychomonkey.png", "path_data": "", "body": "test", "date_post": "2022-11-11T16:26:10.476Z", "user_post": 1, "slug": "test", "point_likes": 0, "likes": []}}, {"model": "myapp.post", "pk": 15, "fields": {"title": "test", "video": "", "image": "a711774d-172_artinsights-done-for-now-you-are.jpg", "path_data": "", "body": "test", "date_post": "2022-11-11T16:26:12.480Z", "user_post": 1, "slug": "test", "point_likes": 0, "likes": []}}, {"model": "myapp.post", "pk": 16, "fields": {"title": "test", "video": "", "image": "f59b2a26-3c2_zombie006.jpg", "path_data": "", "body": "test", "date_post": "2022-11-11T16:26:14.482Z", "user_post": 1, "slug": "test", "point_likes": 0, "likes": []}}, {"model": "myapp.post", "pk": 17, "fields": {"title": "test", "video": "", "image": "130d95fe-f7d_dogggg.jpg", "path_data": "", "body": "test", "date_post": "2022-11-11T16:26:16.484Z", "user_post": 1, "slug": "test", "point_likes": 0, "likes": []}}, {"model": "myapp.post", "pk": 18, "fields": {"title": "test", "video": "", "image": "2bf861d3-8a8_648d0784-c31.png", "path_data": "", "body": "test", "date_post": "2022-11-11T16:26:18.485Z", "user_post": 1, "slug": "test", "point_likes": 0, "likes": []}}, {"model": "myapp.post", "pk": 19, "fields": {"title": "test", "video": "", "image": "eb848233-eba_Snake-Mountain-art.jpg", "path_data": "", "body": "test", "date_post": "2022-11-11T16:26:20.491Z", "user_post": 1, "slug": "test", "point_likes": 0, "likes": []}}, {"model": "myapp.post", "pk": 20, "fields": {"title": "test", "video": "", "image": "36af0515-7f5_8498_640x360.jpg", "path_data": "", "body": "test", "date_post": "2022-11-11T16:26:22.494Z", "user_post": 1, "slug": "test", "point_likes": 0, "likes": []}}, {"model": "myapp.post", "pk": 21, "fields": {"title": "test", "video": "", "image": "85145ab7-665_516746-c5c0e1b4f325c5ab4bd019884c9f175f.jpg", "path_data": "", "body": "test", "date_post": "2022-11-11T16:26:24.498Z", "user_post": 1, "slug": "test", "point_likes": 0, "likes": []}}, {"model": "myapp.post", "pk": 22, "fields": {"title": "test", "video": "", "image": "55637968-008_60366b50-294.png", "path_data": "", "body": "test", "date_post": "2022-11-11T16:26:26.500Z", "user_post": 1, "slug": "test", "point_likes": 0, "likes": []}}, {"model": "myapp.post", "pk": 23, "fields": {"title": "test", "video": "", "image": "b40d71f1-e8f_d859f1ed-779.jpg", "path_data": "", "body": "test", "date_post": "2022-11-11T16:26:28.503Z", "user_post": 1, "slug": "test", "point_likes": 0, "likes": []}}, {"model": "myapp.post", "pk": 24, "fields": {"title": "test", "video": "", "image": "ee949f0c-96a_SKULL CHICANO.png", "path_data": "", "body": "test", "date_post": "2022-11-11T16:26:30.505Z", "user_post": 1, "slug": "test", "point_likes": 0, "likes": []}}, {"model": "myapp.post", "pk": 25, "fields": {"title": "test", "video": "", "image": "81f20222-f17_Копия Spock Vader.png", "path_data": "", "body": "test", "date_post": "2022-11-11T16:26:32.508Z", "user_post": 1, "slug": "test", "point_likes": 0, "likes": []}}, {"model": "myapp.post", "pk": 26, "fields": {"title": "test", "video": "", "image": "2117885c-d25_Clgr6EXVAAkgYMF.jpg", "path_data": "", "body": "test", "date_post": "2022-11-11T16:26:34.514Z", "user_post": 1, "slug": "test", "point_likes": 0, "likes": []}}, {"model": "myapp.post", "pk": 27, "fields": {"title": "test", "video": "", "image": "8d2e37eb-e74_8877a778-9de.png", "path_data": "", "body": "test", "date_post": "2022-11-11T16:26:36.515Z", "user_post": 1, "slug": "test", "point_likes": 0, "likes": []}}, {"model": "myapp.post", "pk": 28, "fields": {"title": "test", "video": "", "image": "a17a5cfa-a1c_031cc57afe660817bee43cb98bef8096.jpg", "path_data": "", "body": "test", "date_post": "2022-11-11T17:50:06.017Z", "user_post": 1, "slug": "test", "point_likes": 0, "likes": []}}, {"model": "myapp.post", "pk": 29, "fields": {"title": "test", "video": "", "image": "8cda8a95-929_OLD ART.png", "path_data": "", "body": "test", "date_post": "2022-11-11T17:50:08.017Z", "user_post": 1, "slug": "test", "point_likes": 0, "likes": []}}, {"model": "myapp.post", "pk": 30, "fields": {"title": "test", "video": "", "image": "a0824c78-1cf_3547058a121aebaf2369f59fa86aa729.jpg", "path_data": "", "body": "test", "date_post": "2022-11-11T17:50:10.019Z", "user_post": 1, "slug": "test", "point_likes": 0, "likes": []}}, {"model": "myapp.post", "pk": 31, "fields": {"title": "test", "video": "", "image": "6ec59e3b-3a1_410368ae-9fa.jpg", "path_data": "", "body": "test", "date_post": "2022-11-11T17:50:12.023Z", "user_post": 1, "slug": "test", "point_likes": 0, "likes": []}}, {"model": "myapp.post", "pk": 32, "fields": {"title": "test", "video": "", "image": "3c7d35df-a1e_1dae54baaa5c98379adc7d363d550cdd.jpg", "path_data": "", "body": "test", "date_post": "2022-11-11T17:50:14.024Z", "user_post": 1, "slug": "test", "point_likes": 0, "likes": []}}, {"model": "myapp.post", "pk": 33, "fields": {"title": "test", "video": "", "image": "7aa46796-d34_Star Wars v4.png", "path_data": "", "body": "test", "date_post": "2022-11-11T17:50:16.027Z", "user_post": 1, "slug": "test", "point_likes": 0, "likes": []}}, {"model": "myapp.post", "pk": 34, "fields": {"title": "test", "video": "", "image": "4d5fa489-b27_TaleSpin.png", "path_data": "", "body": "test", "date_post": "2022-11-11T17:50:18.031Z", "user_post": 1, "slug": "test", "point_likes": 0, "likes": []}}, {"model": "myapp.post", "pk": 35, "fields": {"title": "test", "video": "", "image": "c3482d02-0db_Pencil_Doodle_2_by_Snigom.jpg", "path_data": "", "body": "test", "date_post": "2022-11-11T17:50:20.033Z", "user_post": 1, "slug": "test", "point_likes": 0, "likes": []}}, {"model": "myapp.post", "pk": 36, "fields": {"title": "test", "video": "", "image": "6a0d05d3-66e_cb24cf37db4aa8c3a09c80822d7c3db0.jpg", "path_data": "", "body": "test", "date_post": "2022-11-11T17:50:22.037Z", "user_post": 1, "slug": "test", "point_likes": 0, "likes": []}}, {"model": "myapp.post", "pk": 37, "fields": {"title": "test", "video": "", "image": "b02e3f7d-77b_Star-Trek-Spock-Zombie-T-Shirt.jpg", "path_data": "", "body": "test", "date_post": "2022-11-11T17:50:24.040Z", "user_post": 1, "slug": "test", "point_likes": 0, "likes": []}}, {"model": "myapp.post", "pk": 38, "fields": {"title": "test", "video": "", "image": "fe19f974-365_rykunov_bmwredraw.JPG", "path_data": "", "body": "test", "date_post": "2022-11-11T17:50:26.043Z", "user_post": 1, "slug": "test", "point_likes": 0, "likes": []}}, {"model": "myapp.post", "pk": 39, "fields": {"title": "test", "video": "", "image": "4c2486fd-c55_Superman_by_NgBoy.jpg", "path_data": "", "body": "test", "date_post": "2022-11-11T17:50:28.046Z", "user_post": 1, "slug": "test", "point_likes": 0, "likes": []}}, {"model": "myapp.post", "pk": 40, "fields": {"title": "test", "video": "", "image": "3857c8c3-4b9_neack_and_shoulder_study_by_DelightsJD.jpg", "path_data": "", "body": "test", "date_post": "2022-11-11T17:50:30.048Z", "user_post": 1, "slug": "test", "point_likes": 0, "likes": []}}, {"model": "myapp.post", "pk": 41, "fields": {"title": "test", "video": "", "image": "cb93be3e-cb7_tumblr_o5t9uuhwiB1qzbsdeo1_500.jpg", "path_data": "", "body": "test", "date_post": "2022-11-11T17:50:32.051Z", "user_post": 1, "slug": "test", "point_likes": 0, "likes": []}}, {"model": "myapp.post", "pk": 42, "fields": {"title": "test", "video": "", "image": "cc04f8ef-757_510067.jpg", "path_data": "", "body": "test", "date_post": "2022-11-11T17:50:33.593Z", "user_post": 1, "slug": "test", "point_likes": 0, "likes": []}}, {"model": "myapp.post", "pk": 43, "fields": {"title": "test", "video": "", "image": "5b77d3ca-53a_go.png", "path_data": "", "body": "test", "date_post": "2022-11-11T17:50:34.054Z", "user_post": 1, "slug": "test", "point_likes": 0, "likes": []}}, {"model": "myapp.post", "pk": 44, "fields": {"title": "test", "video": "", "image": "146db329-df6_drawing_from_fantasy_by_abdonjromero-d5mbqc0.jpg", "path_data": "", "body": "test", "date_post": "2022-11-11T17:50:35.596Z", "user_post": 1, "slug": "test", "point_likes": 0, "likes": []}}, {"model": "myapp.post", "pk": 45, "fields": {"title": "test", "video": "", "image": "aadead74-ddd_YOU BLEW IT.png", "path_data": "", "body": "test", "date_post": "2022-11-11T17:50:36.058Z", "user_post": 1, "slug": "test", "point_likes": 0, "likes": []}}, {"model": "myapp.post", "pk": 46, "fields": {"title": "test", "video": "", "image": "d3c1fc59-321_1309778869_402754.jpg", "path_data": "", "body": "test", "date_post": "2022-11-11T17:50:37.600Z", "user_post": 1, "slug": "test", "point_likes": 0, "likes": []}}, {"model": "myapp.post", "pk": 47, "fields": {"title": "test", "video": "", "image": "aed5b381-f08_images.jpeg", "path_data": "", "body": "test", "date_post": "2022-11-11T17:50:38.059Z", "user_post": 1, "slug": "test", "point_likes": 0, "likes": []}}, {"model": "myapp.post", "pk": 48, "fields": {"title": "test", "video": "", "image": "6292d038-8f8_poche_by_joslin-d7djm5z.jpg", "path_data": "", "body": "test", "date_post": "2022-11-11T17:50:39.607Z", "user_post": 1, "slug": "test", "point_likes": 0, "likes": []}}, {"model": "myapp.post", "pk": 49, "fields": {"title": "test", "video": "", "image": "a435760a-a24_tumblr_n3sanpyaX61r51oypo8_1280.jpg", "path_data": "", "body": "test", "date_post": "2022-11-11T17:50:40.107Z", "user_post": 1, "slug": "test", "point_likes": 0, "likes": []}}, {"model": "myapp.post", "pk": 50, "fields": {"title": "test", "video": "", "image": "1cc6bb6d-139_hands_tutorial_difficult_by_juacamo-d3h4twp.jpg", "path_data": "", "body": "test", "date_post": "2022-11-11T17:50:42.066Z", "user_post": 1, "slug": "test", "point_likes": 0, "likes": []}}, {"model": "myapp.post", "pk": 51, "fields": {"title": "test", "video": "", "image": "1658010f-11c_city-drip-deso-nellski.jpg", "path_data": "", "body": "test", "date_post": "2022-11-11T17:50:44.068Z", "user_post": 1, "slug": "test", "point_likes": 0, "likes": []}}, {"model": "myapp.post", "pk": 52, "fields": {"title": "test", "video": "", "image": "ac429175-a9e_risunok_cheloveka_071.jpg", "path_data": "", "body": "test", "date_post": "2022-11-11T17:50:46.071Z", "user_post": 1, "slug": "test", "point_likes": 0, "likes": []}}, {"model": "myapp.post", "pk": 53, "fields": {"title": "test", "video": "", "image": "a324a5e4-ee1_VICE_CITY_DREAMS_by_o_OPAZO_o.jpg", "path_data": "", "body": "test", "date_post": "2022-11-11T17:50:48.074Z", "user_post": 1, "slug": "test", "point_likes": 0, "likes": []}}, {"model": "myapp.post", "pk": 54, "fields": {"title": "test", "video": "", "image": "9ee92f01-85f_Hands_and_Feet_by_rekushi.png", "path_data": "", "body": "test", "date_post": "2022-11-11T17:50:50.076Z", "user_post": 1, "slug": "test", "point_likes": 0, "likes": []}}, {"model": "myapp.post", "pk": 55, "fields": {"title": "test", "video": "", "image": "dff97dbc-dae_tumblr_static_tumblr_static_c0npfw7ygtsskwsk44gc8ok4s_640.png", "path_data": "", "body": "test", "date_post": "2022-11-11T17:50:52.080Z", "user_post": 1, "slug": "test", "point_likes": 0, "likes": []}}, {"model": "myapp.post", "pk": 56, "fields": {"title": "test", "video": "", "image": "9b4f7ab7-8f3_Scarecrowoven_2-SCARECROWOVEN-Mixed_Media-trampt-148924m.jpg", "path_data": "", "body": "test", "date_post": "2022-11-11T17:50:54.081Z", "user_post": 1, "slug": "test", "point_likes": 0, "likes": []}}, {"model": "myapp.post", "pk": 57, "fields": {"title": "test", "video": "", "image": "f0fe3e76-3b2_2330452292-672deb52d1-o.jpg", "path_data": "", "body": "test", "date_post": "2022-11-11T17:50:56.085Z", "user_post": 1, "slug": "test", "point_likes": 0, "likes": []}}, {"model": "myapp.post", "pk": 58, "fields": {"title": "test", "video": "", "image": "bf24c1f1-c27_7af7cf2b-253.png", "path_data": "", "body": "test", "date_post": "2022-11-11T17:50:58.089Z", "user_post": 1, "slug": "test", "point_likes": 0, "likes": []}}, {"model": "myapp.post", "pk": 59, "fields": {"title": "test", "video": "", "image": "3039e144-728_arms_n___legs_tutorial_by_itsjustlovely-d38nc47.jpg", "path_data": "", "body": "test", "date_post": "2022-11-11T17:51:00.091Z", "user_post": 1, "slug": "test", "point_likes": 0, "likes": []}}, {"model": "myapp.post", "pk": 60, "fields": {"title": "test", "video": "", "image": "e2df67e9-0b3_risunok_cheloveka_134.jpg", "path_data": "af2e6d11-846", "body": "test", "date_post": "2022-11-11T17:55:25.313Z", "user_post": 2, "slug": "test", "point_likes": 0, "likes": []}}, {"model": "myapp.post", "pk": 61, "fields": {"title": "test", "video": "", "image": "71bba57c-50a_7187a73f-824.jpg", "path_data": "af2e6d11-846", "body": "test", "date_post": "2022-11-11T17:55:27.325Z", "user_post": 2, "slug": "test", "point_likes": 0, "likes": []}}, {"model": "myapp.post", "pk": 62, "fields": {"title": "test", "video": "", "image": "d1328efd-34c_monster_concept_by_ransomgetty.jpg", "path_data": "", "body": "test", "date_post": "2022-11-11T17:55:27.635Z", "user_post": 1, "slug": "test", "point_likes": 0, "likes": []}}, {"model": "myapp.post", "pk": 63, "fields": {"title": "test", "video": "", "image": "dfa59428-5b2_king lion.jpg", "path_data": "af2e6d11-846", "body": "test", "date_post": "2022-11-11T17:55:29.318Z", "user_post": 2, "slug": "test", "point_likes": 0, "likes": []}}, {"model": "myapp.post", "pk": 64, "fields": {"title": "test", "video": "", "image": "922d2bbe-79b_sketchbook_page_1_by_matevo-d5baej1.jpg", "path_data": "", "body": "test", "date_post": "2022-11-11T17:55:29.642Z", "user_post": 1, "slug": "test", "point_likes": 0, "likes": []}}, {"model": "myapp.post", "pk": 65, "fields": {"title": "test", "video": "", "image": "f220864d-b27_ad42089f-12f.png", "path_data": "af2e6d11-846", "body": "test", "date_post": "2022-11-11T17:55:31.320Z", "user_post": 2, "slug": "test", "point_likes": 0, "likes": []}}, {"model": "myapp.post", "pk": 66, "fields": {"title": "test", "video": "", "image": "37ac2c3d-09b_FORMATICA Fv8.png", "path_data": "", "body": "test", "date_post": "2022-11-11T17:55:31.645Z", "user_post": 1, "slug": "test", "point_likes": 0, "likes": []}}, {"model": "myapp.post", "pk": 67, "fields": {"title": "test", "video": "", "image": "2132eba0-660_drugs_head.jpg", "path_data": "af2e6d11-846", "body": "test", "date_post": "2022-11-11T17:55:33.323Z", "user_post": 2, "slug": "test", "point_likes": 0, "likes": []}}, {"model": "myapp.post", "pk": 68, "fields": {"title": "test", "video": "", "image": "941a229b-27e_avatar_blog_science_300x300.png", "path_data": "", "body": "test", "date_post": "2022-11-11T17:55:33.648Z", "user_post": 1, "slug": "test", "point_likes": 0, "likes": []}}, {"model": "myapp.post", "pk": 69, "fields": {"title": "test", "video": "", "image": "11087228-27e_8676839011_e92d5879e3_o.jpg", "path_data": "af2e6d11-846", "body": "test", "date_post": "2022-11-11T17:55:35.322Z", "user_post": 2, "slug": "test", "point_likes": 0, "likes": []}}, {"model": "myapp.post", "pk": 70, "fields": {"title": "test", "video": "", "image": "25db6e07-fc0_0666y7QKIpQ.jpg", "path_data": "", "body": "test", "date_post": "2022-11-11T17:55:35.644Z", "user_post": 1, "slug": "test", "point_likes": 0, "likes": []}}, {"model": "myapp.post", "pk": 71, "fields": {"title": "test", "video": "", "image": "ea149023-9c7_kfks-predators.jpg", "path_data": "af2e6d11-846", "body": "test", "date_post": "2022-11-11T17:55:37.326Z", "user_post": 2, "slug": "test", "point_likes": 0, "likes": []}}, {"model": "myapp.post", "pk": 72, "fields": {"title": "test", "video": "", "image": "9c3e9531-abc_d68cf23c-af1.jpg", "path_data": "", "body": "test", "date_post": "2022-11-11T17:55:37.651Z", "user_post": 1, "slug": "test", "point_likes": 0, "likes": []}}, {"model": "myapp.post", "pk": 73, "fields": {"title": "test", "video": "", "image": "26fb844f-27b_oUGPY8W.png", "path_data": "af2e6d11-846", "body": "test", "date_post": "2022-11-11T17:55:39.325Z", "user_post": 2, "slug": "test", "point_likes": 0, "likes": []}}, {"model": "myapp.post", "pk": 74, "fields": {"title": "test", "video": "", "image": "0d55b0b8-1b2_b4ac7a46-950.jpg", "path_data": "", "body": "test", "date_post": "2022-11-11T17:55:39.648Z", "user_post": 1, "slug": "test", "point_likes": 0, "likes": []}}, {"model": "myapp.post", "pk": 75, "fields": {"title": "test", "video": "", "image": "c8572066-867_dc42732ca94c1105cf5ecbc5c7fb0ad1.jpg", "path_data": "af2e6d11-846", "body": "test", "date_post": "2022-11-11T17:55:41.331Z", "user_post": 2, "slug": "test", "point_likes": 0, "likes": []}}, {"model": "myapp.post", "pk": 76, "fields": {"title": "test", "video": "", "image": "e5af3b51-d97_578a34aa-05b.jpg", "path_data": "", "body": "test", "date_post": "2022-11-11T17:55:41.661Z", "user_post": 1, "slug": "test", "point_likes": 0, "likes": []}}, {"model": "myapp.post", "pk": 77, "fields": {"title": "test", "video": "", "image": "27c46515-c6e_Копия Skull.png", "path_data": "af2e6d11-846", "body": "test", "date_post": "2022-11-11T17:55:43.332Z", "user_post": 2, "slug": "test", "point_likes": 0, "likes": []}}, {"model": "myapp.post", "pk": 78, "fields": {"title": "test", "video": "", "image": "b0bb9fa9-f4c_FORMATICAv4.png", "path_data": "", "body": "test", "date_post": "2022-11-11T17:55:43.654Z", "user_post": 1, "slug": "test", "point_likes": 0, "likes": []}}, {"model": "myapp.post", "pk": 79, "fields": {"title": "test", "video": "", "image": "cc762318-cba_MASTERS.png", "path_data": "af2e6d11-846", "body": "test", "date_post": "2022-11-11T17:55:45.337Z", "user_post": 2, "slug": "test", "point_likes": 0, "likes": []}}, {"model": "myapp.post", "pk": 80, "fields": {"title": "test", "video": "", "image": "4d956965-7fd_1309778904_402775.jpg", "path_data": "", "body": "test", "date_post": "2022-11-11T17:55:45.668Z", "user_post": 1, "slug": "test", "point_likes": 0, "likes": []}}, {"model": "myapp.post", "pk": 81, "fields": {"title": "test", "video": "", "image": "cf7c687b-ec1_jack_o__lantern_tattoo_by_santolouco-d6s4ioi.jpg", "path_data": "af2e6d11-846", "body": "test", "date_post": "2022-11-11T17:55:47.339Z", "user_post": 2, "slug": "test", "point_likes": 0, "likes": []}}, {"model": "myapp.post", "pk": 82, "fields": {"title": "test", "video": "", "image": "5b65a079-22e_img038.jpg", "path_data": "", "body": "test", "date_post": "2022-11-11T17:55:47.666Z", "user_post": 1, "slug": "test", "point_likes": 0, "likes": []}}, {"model": "myapp.post", "pk": 83, "fields": {"title": "test", "video": "", "image": "21094569-fd3_e9acf465-3f6.png", "path_data": "af2e6d11-846", "body": "test", "date_post": "2022-11-11T17:55:49.344Z", "user_post": 2, "slug": "test", "point_likes": 0, "likes": []}}, {"model": "myapp.post", "pk": 84, "fields": {"title": "test", "video": "", "image": "9acb0b93-19e_43be3b3fa7d9c6bb673b1310726d6fff.jpg", "path_data": "", "body": "test", "date_post": "2022-11-11T17:55:49.667Z", "user_post": 1, "slug": "test", "point_likes": 0, "likes": []}}, {"model": "myapp.post", "pk": 85, "fields": {"title": "test", "video": "", "image": "b90831ce-2e2_1d29fd65-fe6.png", "path_data": "af2e6d11-846", "body": "test", "date_post": "2022-11-11T17:55:51.347Z", "user_post": 2, "slug": "test", "point_likes": 0, "likes": []}}, {"model": "myapp.post", "pk": 86, "fields": {"title": "test", "video": "", "image": "3275b540-99e_13ac4c275ec5841b1890d43e3cda5f08.jpg", "path_data": "", "body": "test", "date_post": "2022-11-11T17:55:51.669Z", "user_post": 1, "slug": "test", "point_likes": 0, "likes": []}}, {"model": "myapp.post", "pk": 87, "fields": {"title": "test", "video": "", "image": "9341431d-688_10684002_725053600912105_1528409760_n.jpg", "path_data": "af2e6d11-846", "body": "test", "date_post": "2022-11-11T17:55:53.345Z", "user_post": 2, "slug": "test", "point_likes": 0, "likes": []}}, {"model": "myapp.post", "pk": 88, "fields": {"title": "test", "video": "", "image": "5c7b8ffd-786_monster_concept_by_ransomgetty.jpg", "path_data": "", "body": "test", "date_post": "2022-11-11T17:55:53.675Z", "user_post": 1, "slug": "test", "point_likes": 0, "likes": []}}, {"model": "myapp.post", "pk": 89, "fields": {"title": "test", "video": "", "image": "a2050ab2-78c_uncle_grandpa_1_robbm____by_robbvision-d80z53c.jpg", "path_data": "af2e6d11-846", "body": "test", "date_post": "2022-11-11T17:55:55.353Z", "user_post": 2, "slug": "test", "point_likes": 0, "likes": []}}, {"model": "myapp.post", "pk": 90, "fields": {"title": "test", "video": "", "image": "4d9c2cf7-af2_qVBdKTwoOso.jpg", "path_data": "", "body": "test", "date_post": "2022-11-11T17:55:55.677Z", "user_post": 1, "slug": "test", "point_likes": 0, "likes": []}}, {"model": "myapp.post", "pk": 91, "fields": {"title": "test", "video": "", "image": "2ff8b324-615_b1490a5c-515.png", "path_data": "af2e6d11-846", "body": "test", "date_post": "2022-11-11T17:55:57.354Z", "user_post": 2, "slug": "test", "point_likes": 0, "likes": []}}, {"model": "myapp.post", "pk": 92, "fields": {"title": "test", "video": "", "image": "15a1dbef-fe1_Wed_4__Torso_Practice_n___Tips_by_genekelly.jpg", "path_data": "", "body": "test", "date_post": "2022-11-11T17:55:57.679Z", "user_post": 1, "slug": "test", "point_likes": 0, "likes": []}}, {"model": "myapp.post", "pk": 93, "fields": {"title": "test", "video": "", "image": "0aa9b3f9-371_2fa1c2ee-74c.png", "path_data": "af2e6d11-846", "body": "test", "date_post": "2022-11-11T17:55:59.359Z", "user_post": 2, "slug": "test", "point_likes": 1, "likes": [5]}}, {"model": "myapp.post", "pk": 94, "fields": {"title": "test", "video": "", "image": "1ab55dd9-973_risunok_cheloveka_114.jpg", "path_data": "", "body": "test", "date_post": "2022-11-11T17:55:59.680Z", "user_post": 1, "slug": "test", "point_likes": 0, "likes": []}}, {"model": "myapp.post", "pk": 96, "fields": {"title": "test", "video": "", "image": "66cc68e8-b24_2008-07-12 00-16-24_0054.jpg", "path_data": "", "body": "test", "date_post": "2022-11-11T17:56:01.683Z", "user_post": 1, "slug": "test", "point_likes": 0, "likes": []}}, {"model": "myapp.post", "pk": 97, "fields": {"title": "test", "video": "", "image": "80e4e699-477_2329626305-d2e8287979-o.jpg", "path_data": "af2e6d11-846", "body": "test", "date_post": "2022-11-11T17:56:03.487Z", "user_post": 2, "slug": "test", "point_likes": 0, "likes": []}}, {"model": "myapp.post", "pk": 98, "fields": {"title": "test", "video": "", "image": "e40f4e24-479_stil-graffiti-stena-nadpisi.jpg", "path_data": "", "body": "test", "date_post": "2022-11-11T17:56:03.687Z", "user_post": 1, "slug": "test", "point_likes": 0, "likes": []}}, {"model": "myapp.post", "pk": 99, "fields": {"title": "test", "video": "", "image": "7c32d066-c39_gta-v-katy-perry.jpg", "path_data": "af2e6d11-846", "body": "test", "date_post": "2022-11-11T17:56:05.444Z", "user_post": 2, "slug": "test", "point_likes": 0, "likes": []}}, {"model": "myapp.post", "pk": 100, "fields": {"title": "test", "video": "", "image": "6cd0e4b7-e22_2835b197-115.png", "path_data": "", "body": "test", "date_post": "2022-11-11T17:56:05.692Z", "user_post": 1, "slug": "test", "point_likes": 0, "likes": []}}, {"model": "myapp.post", "pk": 101, "fields": {"title": "test", "video": "", "image": "71d9602a-51e_a930f5d1-b71.png", "path_data": "af2e6d11-846", "body": "test", "date_post": "2022-11-11T17:56:07.446Z", "user_post": 2, "slug": "test", "point_likes": 0, "likes": []}}, {"model": "myapp.post", "pk": 102, "fields": {"title": "test", "video": "", "image": "82818adc-199_a42eeb51-5b5.png", "path_data": "", "body": "test", "date_post": "2022-11-11T17:56:07.689Z", "user_post": 1, "slug": "test", "point_likes": 0, "likes": []}}, {"model": "myapp.post", "pk": 103, "fields": {"title": "test", "video": "", "image": "17fefabe-f14_6f2b85de-f21.jpg", "path_data": "af2e6d11-846", "body": "test", "date_post": "2022-11-11T17:56:09.450Z", "user_post": 2, "slug": "test", "point_likes": 0, "likes": []}}, {"model": "myapp.post", "pk": 104, "fields": {"title": "test", "video": "", "image": "5283b184-3c3_helios_e_luna_by_jrdragao.jpg", "path_data": "", "body": "test", "date_post": "2022-11-11T17:56:09.697Z", "user_post": 1, "slug": "test", "point_likes": 0, "likes": []}}, {"model": "myapp.post", "pk": 105, "fields": {"title": "test", "video": "", "image": "5f329b91-aab_fb8d4659501840672dd695bf38e0b9ad2.png", "path_data": "af2e6d11-846", "body": "test", "date_post": "2022-11-11T17:56:11.453Z", "user_post": 2, "slug": "test", "point_likes": 0, "likes": []}}, {"model": "myapp.post", "pk": 106, "fields": {"title": "test", "video": "", "image": "d9cd1e35-2e4_3f98bae5-f51.png", "path_data": "", "body": "test", "date_post": "2022-11-11T17:56:11.700Z", "user_post": 1, "slug": "test", "point_likes": 0, "likes": []}}, {"model": "myapp.post", "pk": 107, "fields": {"title": "test", "video": "", "image": "bfa00d5e-400_1_84747-Digital-Collage-Of-Black-And-White-Queen-And-King-Design-Elements-Poster-Art-Print.jpg", "path_data": "af2e6d11-846", "body": "test", "date_post": "2022-11-11T17:56:13.454Z", "user_post": 2, "slug": "test", "point_likes": 0, "likes": []}}, {"model": "myapp.post", "pk": 108, "fields": {"title": "test", "video": "", "image": "db933286-9b1_ground_defenses.jpg", "path_data": "", "body": "test", "date_post": "2022-11-11T17:56:13.703Z", "user_post": 1, "slug": "test", "point_likes": 0, "likes": []}}, {"model": "myapp.post", "pk": 109, "fields": {"title": "test", "video": "", "image": "17ba2c7a-d44_zombie-land-tee11.jpg", "path_data": "af2e6d11-846", "body": "test", "date_post": "2022-11-11T17:56:15.459Z", "user_post": 2, "slug": "test", "point_likes": 0, "likes": []}}, {"model": "myapp.post", "pk": 110, "fields": {"title": "test", "video": "", "image": "777dad06-20e_WHAT.png", "path_data": "", "body": "test", "date_post": "2022-11-11T17:56:15.705Z", "user_post": 1, "slug": "test", "point_likes": 0, "likes": []}}, {"model": "myapp.post", "pk": 111, "fields": {"title": "test", "video": "", "image": "1107e1dc-7de_e0e608e0-dba.png", "path_data": "af2e6d11-846", "body": "test", "date_post": "2022-11-11T17:56:17.461Z", "user_post": 2, "slug": "test", "point_likes": 0, "likes": []}}, {"model": "myapp.post", "pk": 112, "fields": {"title": "test", "video": "", "image": "ce780610-090_520.jpg", "path_data": "", "body": "test", "date_post": "2022-11-11T17:56:17.709Z", "user_post": 1, "slug": "test", "point_likes": 0, "likes": []}}, {"model": "myapp.post", "pk": 113, "fields": {"title": "test", "video": "", "image": "b54d5e12-803_jules-julien-0.jpg", "path_data": "af2e6d11-846", "body": "test", "date_post": "2022-11-11T17:56:19.465Z", "user_post": 2, "slug": "test", "point_likes": 0, "likes": []}}, {"model": "myapp.post", "pk": 114, "fields": {"title": "test", "video": "", "image": "3aa77c51-ac7_material-design-principles1.png", "path_data": "", "body": "test", "date_post": "2022-11-11T17:56:19.712Z", "user_post": 1, "slug": "test", "point_likes": 0, "likes": []}}, {"model": "myapp.post", "pk": 115, "fields": {"title": "test", "video": "", "image": "e51920ef-491_ragnarok.png", "path_data": "af2e6d11-846", "body": "test", "date_post": "2022-11-11T17:56:21.466Z", "user_post": 2, "slug": "test", "point_likes": 0, "likes": []}}, {"model": "myapp.post", "pk": 116, "fields": {"title": "test", "video": "", "image": "738a179e-ea7_2008-07-12 00-23-11_0059.jpg", "path_data": "", "body": "test", "date_post": "2022-11-11T17:56:21.709Z", "user_post": 1, "slug": "test", "point_likes": 0, "likes": []}}, {"model": "myapp.post", "pk": 117, "fields": {"title": "test", "video": "", "image": "e8f4da4f-a08_Gosha-Bondarevs-Rules-Of-Success-Illustrated-Within-Watercolor-Animals-07.jpg", "path_data": "af2e6d11-846", "body": "test", "date_post": "2022-11-11T17:56:23.469Z", "user_post": 2, "slug": "test", "point_likes": 0, "likes": []}}, {"model": "myapp.post", "pk": 118, "fields": {"title": "test", "video": "", "image": "832a94b8-d35_1177ed74-f69.png", "path_data": "", "body": "test", "date_post": "2022-11-11T17:56:23.717Z", "user_post": 1, "slug": "test", "point_likes": 0, "likes": []}}, {"model": "myapp.post", "pk": 119, "fields": {"title": "test", "video": "", "image": "79375344-78e_9c169dc1-388.png", "path_data": "af2e6d11-846", "body": "test", "date_post": "2022-11-11T17:56:25.472Z", "user_post": 2, "slug": "test", "point_likes": 0, "likes": []}}, {"model": "myapp.post", "pk": 120, "fields": {"title": "test", "video": "", "image": "8730837a-9f0_2008-07-12 00-37-18_0048.jpg", "path_data": "", "body": "test", "date_post": "2022-11-11T17:56:25.716Z", "user_post": 1, "slug": "test", "point_likes": 0, "likes": []}}, {"model": "myapp.post", "pk": 121, "fields": {"title": "test", "video": "", "image": "990fbd9c-11c_10251501_548338265343955_1985893740_n.jpg", "path_data": "af2e6d11-846", "body": "test", "date_post": "2022-11-11T17:56:27.475Z", "user_post": 2, "slug": "test", "point_likes": 0, "likes": []}}, {"model": "myapp.post", "pk": 122, "fields": {"title": "test", "video": "", "image": "9617322c-834_757fe5c363cde7c067796d93ddc5c5b5c8cfad68dadb4d1c07849292b2165399_1.jpg", "path_data": "", "body": "test", "date_post": "2022-11-11T17:56:27.721Z", "user_post": 1, "slug": "test", "point_likes": 0, "likes": []}}, {"model": "myapp.post", "pk": 123, "fields": {"title": "test", "video": "", "image": "70f7f95d-f1a_r6mvoaq0we8.jpg", "path_data": "af2e6d11-846", "body": "test", "date_post": "2022-11-11T17:56:29.479Z", "user_post": 2, "slug": "test", "point_likes": 0, "likes": []}}, {"model": "myapp.post", "pk": 124, "fields": {"title": "test", "video": "", "image": "9c3e3a80-c7f_final.jpg", "path_data": "", "body": "test", "date_post": "2022-11-11T17:56:29.723Z", "user_post": 1, "slug": "test", "point_likes": 0, "likes": []}}, {"model": "myapp.post", "pk": 125, "fields": {"title": "test", "video": "", "image": "b7a97dfa-644_510056.jpg", "path_data": "af2e6d11-846", "body": "test", "date_post": "2022-11-11T17:56:31.481Z", "user_post": 2, "slug": "test", "point_likes": 0, "likes": []}}, {"model": "myapp.post", "pk": 126, "fields": {"title": "test", "video": "", "image": "02df097d-3e2_e1d260c7-e33.jpg", "path_data": "", "body": "test", "date_post": "2022-11-11T17:56:31.727Z", "user_post": 1, "slug": "test", "point_likes": 0, "likes": []}}, {"model": "myapp.post", "pk": 127, "fields": {"title": "test", "video": "", "image": "25a149b2-808_99769f43996393.5607631229fa8.jpg", "path_data": "af2e6d11-846", "body": "test", "date_post": "2022-11-11T17:56:33.484Z", "user_post": 2, "slug": "test", "point_likes": 0, "likes": []}}, {"model": "myapp.post", "pk": 128, "fields": {"title": "test", "video": "", "image": "36493111-16e_faf60632-48f.png", "path_data": "", "body": "test", "date_post": "2022-11-11T17:56:33.730Z", "user_post": 1, "slug": "test", "point_likes": 0, "likes": []}}, {"model": "myapp.post", "pk": 129, "fields": {"title": "test", "video": "", "image": "061b05c8-74a_15454719595_be2a42772f.jpg", "path_data": "af2e6d11-846", "body": "test", "date_post": "2022-11-11T17:56:35.484Z", "user_post": 2, "slug": "test", "point_likes": 0, "likes": []}}, {"model": "myapp.post", "pk": 130, "fields": {"title": "test", "video": "", "image": "c4d965a3-296_risunok_cheloveka_141.jpg", "path_data": "", "body": "test", "date_post": "2022-11-11T17:56:35.729Z", "user_post": 1, "slug": "test", "point_likes": 0, "likes": []}}, {"model": "myapp.post", "pk": 131, "fields": {"title": "test", "video": "", "image": "c987a4e1-7ba_tons_of_studies_5_by_igm_transformer.jpg", "path_data": "af2e6d11-846", "body": "test", "date_post": "2022-11-11T17:56:37.656Z", "user_post": 2, "slug": "test", "point_likes": 0, "likes": []}}, {"model": "myapp.post", "pk": 132, "fields": {"title": "test", "video": "", "image": "aec2f4a6-a58_DL23.jpeg", "path_data": "", "body": "test", "date_post": "2022-11-11T17:56:37.783Z", "user_post": 1, "slug": "test", "point_likes": 0, "likes": []}}, {"model": "myapp.post", "pk": 133, "fields": {"title": "test", "video": "", "image": "16eef185-bca_c04da74e-688.png", "path_data": "af2e6d11-846", "body": "test", "date_post": "2022-11-11T17:56:39.491Z", "user_post": 2, "slug": "test", "point_likes": 0, "likes": []}}, {"model": "myapp.post", "pk": 134, "fields": {"title": "test", "video": "", "image": "71f274a4-9f5_648d0784-c31.png", "path_data": "", "body": "test", "date_post": "2022-11-11T17:56:39.739Z", "user_post": 1, "slug": "test", "point_likes": 0, "likes": []}}, {"model": "myapp.post", "pk": 135, "fields": {"title": "test", "video": "", "image": "49169c6e-fee_9c8c1056-dad.png", "path_data": "af2e6d11-846", "body": "test", "date_post": "2022-11-11T17:56:41.495Z", "user_post": 2, "slug": "test", "point_likes": 0, "likes": []}}, {"model": "myapp.post", "pk": 136, "fields": {"title": "test", "video": "", "image": "4888d762-92f_ZOMBI v3.png", "path_data": "", "body": "test", "date_post": "2022-11-11T17:56:41.741Z", "user_post": 1, "slug": "test", "point_likes": 0, "likes": []}}, {"model": "myapp.post", "pk": 137, "fields": {"title": "test", "video": "", "image": "90840aea-2c2_Strannye-portrety-09-558x547.png", "path_data": "af2e6d11-846", "body": "test", "date_post": "2022-11-11T17:56:43.499Z", "user_post": 2, "slug": "test", "point_likes": 0, "likes": []}}, {"model": "myapp.post", "pk": 138, "fields": {"title": "test", "video": "", "image": "a56e4e6e-a63_large (2).jpg", "path_data": "", "body": "test", "date_post": "2022-11-11T17:56:43.744Z", "user_post": 1, "slug": "test", "point_likes": 0, "likes": []}}, {"model": "myapp.post", "pk": 139, "fields": {"title": "test", "video": "", "image": "13d758af-4b7_fc7b65ae-727.png", "path_data": "af2e6d11-846", "body": "test", "date_post": "2022-11-11T17:56:45.502Z", "user_post": 2, "slug": "test", "point_likes": 0, "likes": []}}, {"model": "myapp.post", "pk": 140, "fields": {"title": "test", "video": "", "image": "6ad4c744-abb_gta-5-artwork.jpg", "path_data": "", "body": "test", "date_post": "2022-11-11T17:56:45.743Z", "user_post": 1, "slug": "test", "point_likes": 0, "likes": []}}, {"model": "myapp.post", "pk": 141, "fields": {"title": "test", "video": "", "image": "8f3f9d0d-059_birds leaves astronauts surreal artwork_www.wall321.com_99.jpg", "path_data": "af2e6d11-846", "body": "test", "date_post": "2022-11-11T17:56:47.505Z", "user_post": 2, "slug": "test", "point_likes": 0, "likes": []}}, {"model": "myapp.post", "pk": 142, "fields": {"title": "test", "video": "", "image": "4b7eecb4-9a7_2107672017_49d3d446ec_o.jpg", "path_data": "", "body": "test", "date_post": "2022-11-11T17:56:47.750Z", "user_post": 1, "slug": "test", "point_likes": 0, "likes": []}}, {"model": "myapp.post", "pk": 143, "fields": {"title": "test", "video": "", "image": "03b28d86-a60_Background_zps510c32af.jpg", "path_data": "af2e6d11-846", "body": "test", "date_post": "2022-11-11T17:56:49.507Z", "user_post": 2, "slug": "test", "point_likes": 0, "likes": []}}, {"model": "myapp.post", "pk": 144, "fields": {"title": "test", "video": "", "image": "2ff771a8-4f9_7d9a47c0-109.png", "path_data": "", "body": "test", "date_post": "2022-11-11T17:56:49.753Z", "user_post": 1, "slug": "test", "point_likes": 0, "likes": []}}, {"model": "myapp.post", "pk": 145, "fields": {"title": "test", "video": "", "image": "0087a56c-937_risunok_cheloveka_088.jpg", "path_data": "af2e6d11-846", "body": "test", "date_post": "2022-11-11T17:56:51.511Z", "user_post": 2, "slug": "test", "point_likes": 0, "likes": []}}, {"model": "myapp.post", "pk": 146, "fields": {"title": "test", "video": "", "image": "cf25745e-57b_e9e5005ead7fe6089a046ea678ae2fbf.jpg", "path_data": "", "body": "test", "date_post": "2022-11-11T17:56:51.755Z", "user_post": 1, "slug": "test", "point_likes": 0, "likes": []}}, {"model": "myapp.post", "pk": 147, "fields": {"title": "test", "video": "", "image": "0696d58a-079_3ee46648-ce3.png", "path_data": "af2e6d11-846", "body": "test", "date_post": "2022-11-11T17:56:53.509Z", "user_post": 2, "slug": "test", "point_likes": 0, "likes": []}}, {"model": "myapp.post", "pk": 148, "fields": {"title": "test", "video": "", "image": "8ffb07ad-8cc_b1d372c1-d30.png", "path_data": "", "body": "test", "date_post": "2022-11-11T17:56:53.754Z", "user_post": 1, "slug": "test", "point_likes": 0, "likes": []}}, {"model": "myapp.post", "pk": 149, "fields": {"title": "test", "video": "", "image": "3065e3a7-d4d_SVJDypm.png", "path_data": "af2e6d11-846", "body": "test", "date_post": "2022-11-11T17:56:55.516Z", "user_post": 2, "slug": "test", "point_likes": 0, "likes": []}}, {"model": "myapp.post", "pk": 150, "fields": {"title": "test", "video": "", "image": "25003151-5e5_Imperial-Stormtrooper-Helmet.jpg", "path_data": "", "body": "test", "date_post": "2022-11-11T17:56:55.760Z", "user_post": 1, "slug": "test", "point_likes": 0, "likes": []}}, {"model": "myapp.post", "pk": 151, "fields": {"title": "test", "video": "", "image": "9d211cd3-aab_gyWF0CIdM9Q.jpg", "path_data": "af2e6d11-846", "body": "test", "date_post": "2022-11-11T17:56:57.517Z", "user_post": 2, "slug": "test", "point_likes": 0, "likes": []}}, {"model": "myapp.post", "pk": 152, "fields": {"title": "test", "video": "", "image": "373dd302-69b_1f6a44d7f31696b734e6d930b2520dca.jpg", "path_data": "", "body": "test", "date_post": "2022-11-11T17:56:57.766Z", "user_post": 1, "slug": "test", "point_likes": 0, "likes": []}}, {"model": "myapp.post", "pk": 153, "fields": {"title": "test", "video": "", "image": "55051361-7d4_c506bb35-11a.png", "path_data": "af2e6d11-846", "body": "test", "date_post": "2022-11-11T17:56:59.519Z", "user_post": 2, "slug": "test", "point_likes": 0, "likes": []}}, {"model": "myapp.post", "pk": 154, "fields": {"title": "test", "video": "", "image": "69e5cecf-9ff_f0b31982-566.jpg", "path_data": "", "body": "test", "date_post": "2022-11-11T17:56:59.767Z", "user_post": 1, "slug": "test", "point_likes": 0, "likes": []}}, {"model": "myapp.post", "pk": 155, "fields": {"title": "test", "video": "", "image": "df5bbbd2-3f7_c546cf83-f32.png", "path_data": "af2e6d11-846", "body": "test", "date_post": "2022-11-11T17:57:01.924Z", "user_post": 2, "slug": "test", "point_likes": 0, "likes": []}}, {"model": "myapp.post", "pk": 156, "fields": {"title": "test", "video": "", "image": "f98c9441-1f0_0c0aff33-e8c.png", "path_data": "", "body": "test", "date_post": "2022-11-11T17:57:01.928Z", "user_post": 1, "slug": "test", "point_likes": 0, "likes": []}}, {"model": "myapp.post", "pk": 157, "fields": {"title": "test", "video": "", "image": "82b26dfb-3e6_male_and_female_body_tutorial_by_mybananamusic-d4t41xd.jpg", "path_data": "af2e6d11-846", "body": "test", "date_post": "2022-11-11T17:57:03.527Z", "user_post": 2, "slug": "test", "point_likes": 0, "likes": []}}, {"model": "myapp.post", "pk": 158, "fields": {"title": "test", "video": "", "image": "9e9b233c-0a6_vectornet-niark1-04_big.jpg", "path_data": "", "body": "test", "date_post": "2022-11-11T17:57:03.771Z", "user_post": 1, "slug": "test", "point_likes": 0, "likes": []}}, {"model": "myapp.post", "pk": 159, "fields": {"title": "test", "video": "", "image": "986d9f09-c7c_8ca14c98-528.png", "path_data": "af2e6d11-846", "body": "test", "date_post": "2022-11-11T17:57:05.531Z", "user_post": 2, "slug": "test", "point_likes": 0, "likes": []}}, {"model": "myapp.post", "pk": 160, "fields": {"title": "test", "video": "", "image": "a0bfb346-9fb_1b4ccee5-d10.png", "path_data": "", "body": "test", "date_post": "2022-11-11T17:57:05.775Z", "user_post": 1, "slug": "test", "point_likes": 0, "likes": []}}, {"model": "myapp.post", "pk": 161, "fields": {"title": "test", "video": "", "image": "4f4274d0-438_BhHO6RouqlE.jpg", "path_data": "af2e6d11-846", "body": "test", "date_post": "2022-11-11T17:57:07.534Z", "user_post": 2, "slug": "test", "point_likes": 0, "likes": []}}, {"model": "myapp.post", "pk": 162, "fields": {"title": "test", "video": "", "image": "f4c4c836-663_514.jpg", "path_data": "", "body": "test", "date_post": "2022-11-11T17:57:07.779Z", "user_post": 1, "slug": "test", "point_likes": 0, "likes": []}}, {"model": "myapp.post", "pk": 163, "fields": {"title": "test", "video": "", "image": "0a99d6ff-0d3_dark-knight-fan-art7-400x600.jpg", "path_data": "af2e6d11-846", "body": "test", "date_post": "2022-11-11T17:57:09.535Z", "user_post": 2, "slug": "test", "point_likes": 0, "likes": []}}, {"model": "myapp.post", "pk": 164, "fields": {"title": "test", "video": "", "image": "2287ad8b-bb1_4e19a995569ad1e2eda8decdf9b87314.jpg", "path_data": "", "body": "test", "date_post": "2022-11-11T17:57:09.779Z", "user_post": 1, "slug": "test", "point_likes": 0, "likes": []}}, {"model": "myapp.post", "pk": 165, "fields": {"title": "test", "video": "", "image": "d2b5d7dd-763_f45dbd_detail.jpg", "path_data": "af2e6d11-846", "body": "test", "date_post": "2022-11-11T17:57:11.539Z", "user_post": 2, "slug": "test", "point_likes": 0, "likes": []}}, {"model": "myapp.post", "pk": 166, "fields": {"title": "test", "video": "", "image": "532d320a-47c_2008-07-11 23-40-26_0044.jpg", "path_data": "", "body": "test", "date_post": "2022-11-11T17:57:11.782Z", "user_post": 1, "slug": "test", "point_likes": 0, "likes": []}}, {"model": "myapp.post", "pk": 167, "fields": {"title": "test", "video": "", "image": "9a3d5996-37c_gta5___ben_bernanke___by_pazero-d6nsp6r.jpg", "path_data": "af2e6d11-846", "body": "test", "date_post": "2022-11-11T17:57:13.541Z", "user_post": 2, "slug": "test", "point_likes": 0, "likes": []}}, {"model": "myapp.post", "pk": 168, "fields": {"title": "test", "video": "", "image": "6cb13291-d3b_Scarecrowoven_2-SCARECROWOVEN-Mixed_Media-trampt-148924m.jpg", "path_data": "", "body": "test", "date_post": "2022-11-11T17:57:13.786Z", "user_post": 1, "slug": "test", "point_likes": 0, "likes": []}}, {"model": "myapp.post", "pk": 169, "fields": {"title": "test", "video": "", "image": "d4e89373-dd3_031cc57afe660817bee43cb98bef8096.jpg", "path_data": "af2e6d11-846", "body": "test", "date_post": "2022-11-11T17:57:15.545Z", "user_post": 2, "slug": "test", "point_likes": 0, "likes": []}}, {"model": "myapp.post", "pk": 170, "fields": {"title": "test", "video": "", "image": "dd683a7f-405_51e9df475c8f8a7c4354e9f102d9483b.jpg", "path_data": "", "body": "test", "date_post": "2022-11-11T17:57:15.790Z", "user_post": 1, "slug": "test", "point_likes": 0, "likes": []}}, {"model": "myapp.post", "pk": 171, "fields": {"title": "test", "video": "", "image": "5320784a-00f_e2047148-66c.jpg", "path_data": "af2e6d11-846", "body": "test", "date_post": "2022-11-11T17:57:17.547Z", "user_post": 2, "slug": "test", "point_likes": 0, "likes": []}}, {"model": "myapp.post", "pk": 172, "fields": {"title": "test", "video": "", "image": "8ccef95d-c8d_c52a51ef-196.png", "path_data": "", "body": "test", "date_post": "2022-11-11T17:57:17.793Z", "user_post": 1, "slug": "test", "point_likes": 0, "likes": []}}, {"model": "myapp.post", "pk": 173, "fields": {"title": "test", "video": "", "image": "2d074340-3cb_1c2acb35-c07.png", "path_data": "af2e6d11-846", "body": "test", "date_post": "2022-11-11T17:57:19.550Z", "user_post": 2, "slug": "test", "point_likes": 0, "likes": []}}, {"model": "myapp.post", "pk": 174, "fields": {"title": "test", "video": "", "image": "9baf44bc-93a_ex6_1t.jpg", "path_data": "", "body": "test", "date_post": "2022-11-11T17:57:19.795Z", "user_post": 1, "slug": "test", "point_likes": 0, "likes": []}}, {"model": "myapp.post", "pk": 175, "fields": {"title": "test", "video": "", "image": "f71d9ec7-8f3_2d39a27b-1ba.png", "path_data": "af2e6d11-846", "body": "test", "date_post": "2022-11-11T17:57:21.649Z", "user_post": 2, "slug": "test", "point_likes": 0, "likes": []}}, {"model": "myapp.post", "pk": 176, "fields": {"title": "test", "video": "", "image": "26d93c2e-b7d_risunok_cheloveka_014.jpg", "path_data": "", "body": "test", "date_post": "2022-11-11T17:57:21.793Z", "user_post": 1, "slug": "test", "point_likes": 0, "likes": []}}, {"model": "myapp.post", "pk": 177, "fields": {"title": "test", "video": "", "image": "a3541305-524_large (2).jpg", "path_data": "af2e6d11-846", "body": "test", "date_post": "2022-11-11T17:57:23.631Z", "user_post": 2, "slug": "test", "point_likes": 0, "likes": []}}, {"model": "myapp.post", "pk": 178, "fields": {"title": "test", "video": "", "image": "a506a893-13d_VladanFilipovic4.jpg", "path_data": "", "body": "test", "date_post": "2022-11-11T17:57:23.801Z", "user_post": 1, "slug": "test", "point_likes": 0, "likes": []}}, {"model": "myapp.post", "pk": 179, "fields": {"title": "test", "video": "", "image": "0204f4a8-646_-1-set-4-pcs-Star-Wars-ksatria-hitam-tentara-putih-Amidala-Robot-Styling-mobil-HellaFlush.jpg", "path_data": "af2e6d11-846", "body": "test", "date_post": "2022-11-11T17:57:25.598Z", "user_post": 2, "slug": "test", "point_likes": 0, "likes": []}}, {"model": "myapp.post", "pk": 180, "fields": {"title": "test", "video": "", "image": "7d5304bf-31a_swagg_is_dead_by_myartisoriginal-d5f5il4.jpg", "path_data": "", "body": "test", "date_post": "2022-11-11T17:57:25.802Z", "user_post": 1, "slug": "test", "point_likes": 0, "likes": []}}, {"model": "myapp.post", "pk": 181, "fields": {"title": "test", "video": "", "image": "1563b35d-a48_b6064af2-014.png", "path_data": "af2e6d11-846", "body": "test", "date_post": "2022-11-11T17:57:27.600Z", "user_post": 2, "slug": "test", "point_likes": 0, "likes": []}}, {"model": "myapp.post", "pk": 182, "fields": {"title": "test", "video": "", "image": "c90cc581-af3_e7f664df5ffb1698e205e5c7f7a46ef1.jpg", "path_data": "", "body": "test", "date_post": "2022-11-11T17:57:27.806Z", "user_post": 1, "slug": "test", "point_likes": 0, "likes": []}}, {"model": "myapp.post", "pk": 183, "fields": {"title": "test", "video": "", "image": "738e0dd2-d03_3ecb9aa0-86e.jpg", "path_data": "af2e6d11-846", "body": "test", "date_post": "2022-11-11T17:57:29.604Z", "user_post": 2, "slug": "test", "point_likes": 0, "likes": []}}, {"model": "myapp.post", "pk": 184, "fields": {"title": "test", "video": "", "image": "e210520b-b0f_6e1c9ee9-4ed.jpg", "path_data": "", "body": "test", "date_post": "2022-11-11T17:57:29.810Z", "user_post": 1, "slug": "test", "point_likes": 0, "likes": []}}, {"model": "myapp.post", "pk": 185, "fields": {"title": "test", "video": "", "image": "037bbd7b-b67_2008-07-12 00-20-46_0057.jpg", "path_data": "af2e6d11-846", "body": "test", "date_post": "2022-11-11T17:57:31.605Z", "user_post": 2, "slug": "test", "point_likes": 0, "likes": []}}, {"model": "myapp.post", "pk": 186, "fields": {"title": "test", "video": "", "image": "1c3701c2-c04_ilovedust-bicycle-illustration-prints-3.jpg", "path_data": "", "body": "test", "date_post": "2022-11-11T17:57:31.808Z", "user_post": 1, "slug": "test", "point_likes": 0, "likes": []}}, {"model": "myapp.post", "pk": 187, "fields": {"title": "test", "video": "", "image": "191d5a99-a4f_9b004c33-7fe.png", "path_data": "af2e6d11-846", "body": "test", "date_post": "2022-11-11T17:57:33.607Z", "user_post": 2, "slug": "test", "point_likes": 0, "likes": []}}, {"model": "myapp.post", "pk": 188, "fields": {"title": "test", "video": "", "image": "81ed2846-23b_18441815962_927ac42669.jpg", "path_data": "", "body": "test", "date_post": "2022-11-11T17:57:33.810Z", "user_post": 1, "slug": "test", "point_likes": 0, "likes": []}}, {"model": "myapp.post", "pk": 189, "fields": {"title": "test", "video": "", "image": "2d20414b-e9e_13584012_119991868433673_1601088271_n.jpg", "path_data": "af2e6d11-846", "body": "test", "date_post": "2022-11-11T17:57:35.612Z", "user_post": 2, "slug": "test", "point_likes": 0, "likes": []}}, {"model": "myapp.post", "pk": 190, "fields": {"title": "test", "video": "", "image": "54065229-254_8a21afa94f5095aa330431734b76866e.jpg", "path_data": "", "body": "test", "date_post": "2022-11-11T17:57:35.818Z", "user_post": 1, "slug": "test", "point_likes": 0, "likes": []}}, {"model": "myapp.post", "pk": 191, "fields": {"title": "test", "video": "", "image": "f2077edd-099_d173e12b-5e3.png", "path_data": "af2e6d11-846", "body": "test", "date_post": "2022-11-11T17:57:37.615Z", "user_post": 2, "slug": "test", "point_likes": 0, "likes": []}}, {"model": "myapp.post", "pk": 192, "fields": {"title": "test", "video": "", "image": "7cfd3d39-81b_zomboy-at-mesa-theater_raw.jpg", "path_data": "", "body": "test", "date_post": "2022-11-11T17:57:37.816Z", "user_post": 1, "slug": "test", "point_likes": 0, "likes": []}}, {"model": "myapp.post", "pk": 193, "fields": {"title": "test", "video": "", "image": "5f8beaca-30d_1968_charger_marker_drawing_by_auto_concept.jpg", "path_data": "af2e6d11-846", "body": "test", "date_post": "2022-11-11T17:57:39.622Z", "user_post": 2, "slug": "test", "point_likes": 0, "likes": []}}, {"model": "myapp.post", "pk": 194, "fields": {"title": "test", "video": "", "image": "59e73d3e-187_fwPnnmDvv7XUkkrv3OQLzJa1VtbfhJW45vGxHe5fRAxSfdSWRcPhRxFVWXR3KhOm.jpg", "path_data": "", "body": "test", "date_post": "2022-11-11T17:57:39.824Z", "user_post": 1, "slug": "test", "point_likes": 0, "likes": []}}, {"model": "myapp.post", "pk": 195, "fields": {"title": "test", "video": "", "image": "9c9ce615-e8b_2329625167-867b61a875-o.png", "path_data": "af2e6d11-846", "body": "test", "date_post": "2022-11-11T17:57:41.621Z", "user_post": 2, "slug": "test", "point_likes": 0, "likes": []}}, {"model": "myapp.post", "pk": 196, "fields": {"title": "test", "video": "", "image": "fed96da1-c76_2772837-8737063296-super.jpg", "path_data": "", "body": "test", "date_post": "2022-11-11T17:57:41.828Z", "user_post": 1, "slug": "test", "point_likes": 0, "likes": []}}, {"model": "myapp.post", "pk": 197, "fields": {"title": "test", "video": "", "image": "fa3f79f7-293_b56649ab-429.png", "path_data": "af2e6d11-846", "body": "test", "date_post": "2022-11-11T17:57:43.625Z", "user_post": 2, "slug": "test", "point_likes": 0, "likes": []}}, {"model": "myapp.post", "pk": 198, "fields": {"title": "test", "video": "", "image": "87367756-7fc_h0HoOiEc1Qs.jpg", "path_data": "", "body": "test", "date_post": "2022-11-11T17:57:43.828Z", "user_post": 1, "slug": "test", "point_likes": 0, "likes": []}}, {"model": "myapp.post", "pk": 199, "fields": {"title": "test", "video": "", "image": "5c262d80-4e7_52d448ef-686.jpg", "path_data": "af2e6d11-846", "body": "test", "date_post": "2022-11-11T17:57:45.627Z", "user_post": 2, "slug": "test", "point_likes": 0, "likes": []}}, {"model": "myapp.post", "pk": 200, "fields": {"title": "test", "video": "", "image": "5721d44d-5af_PSYHODEL ART WORK.png", "path_data": "", "body": "test", "date_post": "2022-11-11T17:57:45.827Z", "user_post": 1, "slug": "test", "point_likes": 0, "likes": []}}, {"model": "myapp.post", "pk": 201, "fields": {"title": "test", "video": "", "image": "dd93ba55-b15_zombieunicorn.jpg", "path_data": "af2e6d11-846", "body": "test", "date_post": "2022-11-11T17:57:47.632Z", "user_post": 2, "slug": "test", "point_likes": 0, "likes": []}}, {"model": "myapp.post", "pk": 202, "fields": {"title": "test", "video": "", "image": "4ab3846e-4fb_193f42c2-b72.png", "path_data": "", "body": "test", "date_post": "2022-11-11T17:57:47.836Z", "user_post": 1, "slug": "test", "point_likes": 0, "likes": []}}, {"model": "myapp.post", "pk": 203, "fields": {"title": "test", "video": "", "image": "73af12ac-7c1_risunok_cheloveka_161.jpg", "path_data": "af2e6d11-846", "body": "test", "date_post": "2022-11-11T17:57:49.631Z", "user_post": 2, "slug": "test", "point_likes": 0, "likes": []}}, {"model": "myapp.post", "pk": 204, "fields": {"title": "test", "video": "", "image": "3d99bdee-f46_4a42467d-a25.jpg", "path_data": "", "body": "test", "date_post": "2022-11-11T17:57:49.838Z", "user_post": 1, "slug": "test", "point_likes": 0, "likes": []}}, {"model": "myapp.post", "pk": 205, "fields": {"title": "test", "video": "", "image": "3bb37694-52c_rob.jpg", "path_data": "af2e6d11-846", "body": "test", "date_post": "2022-11-11T17:57:51.634Z", "user_post": 2, "slug": "test", "point_likes": 0, "likes": []}}, {"model": "myapp.post", "pk": 206, "fields": {"title": "test", "video": "", "image": "8ffc4781-a89_subaru-impreza-wrx-sti-2004-miro-porochnavy.jpg", "path_data": "", "body": "test", "date_post": "2022-11-11T17:57:51.838Z", "user_post": 1, "slug": "test", "point_likes": 0, "likes": []}}, {"model": "myapp.post", "pk": 207, "fields": {"title": "test", "video": "", "image": "3b657d42-43b_1_f8edd70a1997f29aa54e0ef7e3673ae1.jpg", "path_data": "af2e6d11-846", "body": "test", "date_post": "2022-11-11T17:57:53.637Z", "user_post": 2, "slug": "test", "point_likes": 0, "likes": []}}, {"model": "myapp.post", "pk": 208, "fields": {"title": "test", "video": "", "image": "e8bde92a-80c_7605486c-496.jpg", "path_data": "", "body": "test", "date_post": "2022-11-11T17:57:53.843Z", "user_post": 1, "slug": "test", "point_likes": 0, "likes": []}}, {"model": "myapp.post", "pk": 209, "fields": {"title": "test", "video": "", "image": "015b000d-64f_carchase.jpg", "path_data": "af2e6d11-846", "body": "test", "date_post": "2022-11-11T17:57:55.639Z", "user_post": 2, "slug": "test", "point_likes": 0, "likes": []}}, {"model": "myapp.post", "pk": 210, "fields": {"title": "test", "video": "", "image": "c63f2b0a-a36_9c3e18d9-883.png", "path_data": "", "body": "test", "date_post": "2022-11-11T17:57:55.846Z", "user_post": 1, "slug": "test", "point_likes": 0, "likes": []}}, {"model": "myapp.post", "pk": 211, "fields": {"title": "test", "video": "", "image": "2ab2a251-f3c_c87bfd9f-f34.png", "path_data": "af2e6d11-846", "body": "test", "date_post": "2022-11-11T17:57:57.643Z", "user_post": 2, "slug": "test", "point_likes": 0, "likes": []}}, {"model": "myapp.post", "pk": 212, "fields": {"title": "test", "video": "", "image": "6398ae9e-575_BulletProofMask3.jpg", "path_data": "", "body": "test", "date_post": "2022-11-11T17:57:57.852Z", "user_post": 1, "slug": "test", "point_likes": 0, "likes": []}}, {"model": "myapp.post", "pk": 213, "fields": {"title": "test", "video": "", "image": "c221f28d-996_ap-inks-effect-glow-in-the-dark-500px.jpg", "path_data": "af2e6d11-846", "body": "test", "date_post": "2022-11-11T17:57:59.645Z", "user_post": 2, "slug": "test", "point_likes": 0, "likes": []}}, {"model": "myapp.post", "pk": 214, "fields": {"title": "test", "video": "", "image": "f4a275ab-771_risunok_cheloveka_154.jpg", "path_data": "", "body": "test", "date_post": "2022-11-11T17:57:59.850Z", "user_post": 1, "slug": "test", "point_likes": 0, "likes": []}}, {"model": "myapp.post", "pk": 215, "fields": {"title": "test", "video": "", "image": "3008bdc1-a8f_feb.jpg", "path_data": "af2e6d11-846", "body": "test", "date_post": "2022-11-11T17:58:01.649Z", "user_post": 2, "slug": "test", "point_likes": 0, "likes": []}}, {"model": "myapp.post", "pk": 216, "fields": {"title": "test", "video": "", "image": "f9d74e92-161_c52a51ef-196.png", "path_data": "", "body": "test", "date_post": "2022-11-11T17:58:01.854Z", "user_post": 1, "slug": "test", "point_likes": 0, "likes": []}}, {"model": "myapp.post", "pk": 217, "fields": {"title": "test", "video": "", "image": "5d98e903-a06_9c176759-966.png", "path_data": "af2e6d11-846", "body": "test", "date_post": "2022-11-11T17:58:03.651Z", "user_post": 2, "slug": "test", "point_likes": 0, "likes": []}}, {"model": "myapp.post", "pk": 218, "fields": {"title": "test", "video": "", "image": "c9f69ea9-dba_510059.jpg", "path_data": "", "body": "test", "date_post": "2022-11-11T17:58:03.854Z", "user_post": 1, "slug": "test", "point_likes": 0, "likes": []}}, {"model": "myapp.post", "pk": 219, "fields": {"title": "test", "video": "", "image": "76364cb2-2db_tumblr_nhgdwtUOnb1t7uipho1_1280.jpg", "path_data": "af2e6d11-846", "body": "test", "date_post": "2022-11-11T17:58:05.655Z", "user_post": 2, "slug": "test", "point_likes": 0, "likes": []}}, {"model": "myapp.post", "pk": 220, "fields": {"title": "test", "video": "", "image": "2219c746-71c_untitled11-thumb.jpg", "path_data": "", "body": "test", "date_post": "2022-11-11T17:58:05.858Z", "user_post": 1, "slug": "test", "point_likes": 0, "likes": []}}, {"model": "myapp.post", "pk": 221, "fields": {"title": "test", "video": "", "image": "dbfa668a-64f_star_wars_sketch_cards_5_by_chrisraimoart-d58jrzs.jpg", "path_data": "af2e6d11-846", "body": "test", "date_post": "2022-11-11T17:58:07.655Z", "user_post": 2, "slug": "test", "point_likes": 0, "likes": []}}, {"model": "myapp.post", "pk": 222, "fields": {"title": "test", "video": "", "image": "a6225800-d64_d61b7fee-9d4.png", "path_data": "", "body": "test", "date_post": "2022-11-11T17:58:07.862Z", "user_post": 1, "slug": "test", "point_likes": 0, "likes": []}}, {"model": "myapp.post", "pk": 223, "fields": {"title": "test", "video": "", "image": "10970bda-957_12959945_476015052584565_1976106485_n.jpg", "path_data": "af2e6d11-846", "body": "test", "date_post": "2022-11-11T17:58:09.660Z", "user_post": 2, "slug": "test", "point_likes": 0, "likes": []}}, {"model": "myapp.post", "pk": 224, "fields": {"title": "test", "video": "", "image": "8f787296-692_2a6487cd-fc8.jpg", "path_data": "", "body": "test", "date_post": "2022-11-11T17:58:09.861Z", "user_post": 1, "slug": "test", "point_likes": 0, "likes": []}}, {"model": "myapp.post", "pk": 225, "fields": {"title": "test", "video": "", "image": "3f130404-89f_risunok_cheloveka_081.jpg", "path_data": "af2e6d11-846", "body": "test", "date_post": "2022-11-11T17:58:11.663Z", "user_post": 2, "slug": "test", "point_likes": 0, "likes": []}}, {"model": "myapp.post", "pk": 226, "fields": {"title": "test", "video": "", "image": "56eb5d52-05b_dceed3d1-139.png", "path_data": "", "body": "test", "date_post": "2022-11-11T17:58:11.867Z", "user_post": 1, "slug": "test", "point_likes": 0, "likes": []}}, {"model": "myapp.post", "pk": 227, "fields": {"title": "test", "video": "", "image": "8f856fb2-825_risunok_cheloveka_091.jpg", "path_data": "af2e6d11-846", "body": "test", "date_post": "2022-11-11T17:58:13.666Z", "user_post": 2, "slug": "test", "point_likes": 0, "likes": []}}, {"model": "myapp.post", "pk": 228, "fields": {"title": "test", "video": "", "image": "5989dd11-95f_c344afa3-466.png", "path_data": "", "body": "test", "date_post": "2022-11-11T17:58:13.870Z", "user_post": 1, "slug": "test", "point_likes": 0, "likes": []}}, {"model": "myapp.post", "pk": 229, "fields": {"title": "test", "video": "", "image": "f1df727f-34f_b2897ca9-223.jpg", "path_data": "af2e6d11-846", "body": "test", "date_post": "2022-11-11T17:58:15.669Z", "user_post": 2, "slug": "test", "point_likes": 0, "likes": []}}, {"model": "myapp.post", "pk": 230, "fields": {"title": "test", "video": "", "image": "6b767d0e-f6f_139432_6219249_i.jpg", "path_data": "", "body": "test", "date_post": "2022-11-11T17:58:15.874Z", "user_post": 1, "slug": "test", "point_likes": 0, "likes": []}}, {"model": "myapp.post", "pk": 231, "fields": {"title": "test", "video": "", "image": "2f118d6e-a9a_64f3dda1-49c.png", "path_data": "af2e6d11-846", "body": "test", "date_post": "2022-11-11T17:58:17.670Z", "user_post": 2, "slug": "test", "point_likes": 0, "likes": []}}, {"model": "myapp.post", "pk": 232, "fields": {"title": "test", "video": "", "image": "01a8f920-9f0___72_ford_gran_torino_by_dominikscherrer-d5iggpg.jpg", "path_data": "", "body": "test", "date_post": "2022-11-11T17:58:17.872Z", "user_post": 1, "slug": "test", "point_likes": 0, "likes": []}}, {"model": "myapp.post", "pk": 233, "fields": {"title": "test", "video": "", "image": "fd7762da-e63_image-thumb7.png", "path_data": "af2e6d11-846", "body": "test", "date_post": "2022-11-11T17:58:19.674Z", "user_post": 2, "slug": "test", "point_likes": 0, "likes": []}}, {"model": "myapp.post", "pk": 234, "fields": {"title": "test", "video": "", "image": "5f1ad4db-14f_f211b540-7da.png", "path_data": "", "body": "test", "date_post": "2022-11-11T17:58:19.878Z", "user_post": 1, "slug": "test", "point_likes": 0, "likes": []}}, {"model": "myapp.post", "pk": 235, "fields": {"title": "test", "video": "", "image": "ca1d8edc-466_Female_arm_sketches_by_klona.jpg", "path_data": "af2e6d11-846", "body": "test", "date_post": "2022-11-11T17:58:21.677Z", "user_post": 2, "slug": "test", "point_likes": 0, "likes": []}}, {"model": "myapp.post", "pk": 236, "fields": {"title": "test", "video": "", "image": "3b9afaf9-4e4_c04da74e-688.png", "path_data": "", "body": "test", "date_post": "2022-11-11T17:58:21.883Z", "user_post": 1, "slug": "test", "point_likes": 0, "likes": []}}, {"model": "myapp.post", "pk": 237, "fields": {"title": "test", "video": "", "image": "f031ba58-4e2_1438251569_alexis-5.jpg", "path_data": "af2e6d11-846", "body": "test", "date_post": "2022-11-11T17:58:23.680Z", "user_post": 2, "slug": "test", "point_likes": 0, "likes": []}}, {"model": "myapp.post", "pk": 238, "fields": {"title": "test", "video": "", "image": "928d0fce-e7d_1309778950_402774.jpg", "path_data": "", "body": "test", "date_post": "2022-11-11T17:58:23.883Z", "user_post": 1, "slug": "test", "point_likes": 0, "likes": []}}, {"model": "myapp.post", "pk": 239, "fields": {"title": "test", "video": "", "image": "be57d9e5-7b9_546b365783ef0_-_if_they_could_transform___bigfoot_by_rawlsy-d7ar04k.jpg", "path_data": "af2e6d11-846", "body": "test", "date_post": "2022-11-11T17:58:25.683Z", "user_post": 2, "slug": "test", "point_likes": 0, "likes": []}}, {"model": "myapp.post", "pk": 240, "fields": {"title": "test", "video": "", "image": "b8601c22-e76_the_arm_and_its_muscles_by_Kevin_Sharpe.jpg", "path_data": "", "body": "test", "date_post": "2022-11-11T17:58:25.887Z", "user_post": 1, "slug": "test", "point_likes": 0, "likes": []}}, {"model": "myapp.post", "pk": 241, "fields": {"title": "test", "video": "", "image": "d544c88f-da7_4fa7718a-f44.jpg", "path_data": "af2e6d11-846", "body": "test", "date_post": "2022-11-11T17:58:27.687Z", "user_post": 2, "slug": "test", "point_likes": 0, "likes": []}}, {"model": "myapp.post", "pk": 242, "fields": {"title": "test", "video": "", "image": "2b2644bf-094_cc22bf41-cd4.jpg", "path_data": "", "body": "test", "date_post": "2022-11-11T17:58:27.890Z", "user_post": 1, "slug": "test", "point_likes": 0, "likes": []}}, {"model": "myapp.post", "pk": 243, "fields": {"title": "test", "video": "", "image": "098a2f19-b1b_FORMATICAv5.png", "path_data": "af2e6d11-846", "body": "test", "date_post": "2022-11-11T17:58:29.689Z", "user_post": 2, "slug": "test", "point_likes": 0, "likes": []}}, {"model": "myapp.post", "pk": 244, "fields": {"title": "test", "video": "", "image": "3dbac8f1-0e8_lkjhk.jpg", "path_data": "", "body": "test", "date_post": "2022-11-12T10:10:50.363Z", "user_post": 1, "slug": "test", "point_likes": 1, "likes": [1]}}, {"model": "myapp.post", "pk": 245, "fields": {"title": "Niva rally ", "video": "", "image": "e93cf8dd-cc0_3c9e888s-960.jpg", "path_data": "8174b572-3b9", "body": "Niva rally ", "date_post": "2022-11-13T15:13:00.461Z", "user_post": 3, "slug": "niva-rally", "point_likes": 0, "likes": []}}, {"model": "myapp.post", "pk": 246, "fields": {"title": "test", "video": "", "image": "1b1f3225-2cc_risunok_cheloveka_088.jpg", "path_data": "af2e6d11-846", "body": "test", "date_post": "2022-11-15T11:57:03.567Z", "user_post": 2, "slug": "test", "point_likes": 0, "likes": []}}, {"model": "myapp.post", "pk": 247, "fields": {"title": "test", "video": "", "image": "16ad8d3d-b4c_375.jpg", "path_data": "af2e6d11-846", "body": "test", "date_post": "2022-11-15T11:57:05.572Z", "user_post": 2, "slug": "test", "point_likes": 0, "likes": []}}, {"model": "myapp.post", "pk": 248, "fields": {"title": "test", "video": "", "image": "1b665ed8-7ba_yxHdrVsBmyA.jpg", "path_data": "af2e6d11-846", "body": "test", "date_post": "2022-11-15T11:57:07.574Z", "user_post": 2, "slug": "test", "point_likes": 0, "likes": []}}, {"model": "myapp.post", "pk": 249, "fields": {"title": "test", "video": "", "image": "e968691e-30a_ilovedoodles2.jpg", "path_data": "af2e6d11-846", "body": "test", "date_post": "2022-11-15T11:57:09.577Z", "user_post": 2, "slug": "test", "point_likes": 0, "likes": []}}, {"model": "myapp.post", "pk": 250, "fields": {"title": "test", "video": "", "image": "12521dc4-60e_7d0d5451-ee7.png", "path_data": "af2e6d11-846", "body": "test", "date_post": "2022-11-15T11:57:11.580Z", "user_post": 2, "slug": "test", "point_likes": 0, "likes": []}}, {"model": "myapp.post", "pk": 251, "fields": {"title": "test", "video": "", "image": "db64b612-1f6_risunok_cheloveka_170.jpg", "path_data": "af2e6d11-846", "body": "test", "date_post": "2022-11-15T11:57:13.583Z", "user_post": 2, "slug": "test", "point_likes": 0, "likes": []}}, {"model": "myapp.post", "pk": 252, "fields": {"title": "test", "video": "", "image": "da38d744-c6f_2008-07-12 00-41-42_0052.jpg", "path_data": "af2e6d11-846", "body": "test", "date_post": "2022-11-15T11:57:15.585Z", "user_post": 2, "slug": "test", "point_likes": 0, "likes": []}}, {"model": "myapp.post", "pk": 253, "fields": {"title": "test", "video": "", "image": "e5ea3fd6-49b_997ccddbb43766fa338b4c3bc22f4a20.jpg", "path_data": "af2e6d11-846", "body": "test", "date_post": "2022-11-15T11:57:17.589Z", "user_post": 2, "slug": "test", "point_likes": 0, "likes": []}}, {"model": "myapp.post", "pk": 254, "fields": {"title": "test", "video": "", "image": "49a11fc3-15e_uncle_grandpa_1_robbm____by_robbvision-d80z53c.jpg", "path_data": "af2e6d11-846", "body": "test", "date_post": "2022-11-15T11:57:19.592Z", "user_post": 2, "slug": "test", "point_likes": 0, "likes": []}}, {"model": "myapp.post", "pk": 255, "fields": {"title": "test", "video": "", "image": "75ef601f-146_3585_gtasa_carl_ryder.jpg", "path_data": "af2e6d11-846", "body": "test", "date_post": "2022-11-15T11:57:21.595Z", "user_post": 2, "slug": "test", "point_likes": 0, "likes": []}}, {"model": "myapp.post", "pk": 256, "fields": {"title": "test", "video": "", "image": "388002d7-6d8_Figure_Tutorial__Body_Shapes_by_Fenris2Lupin (1).jpg", "path_data": "af2e6d11-846", "body": "test", "date_post": "2022-11-15T11:57:23.598Z", "user_post": 2, "slug": "test", "point_likes": 0, "likes": []}}, {"model": "myapp.post", "pk": 257, "fields": {"title": "test", "video": "", "image": "5846c09c-68c_kogda-graffiti-vstrechaetsya-so-skulpturoy-shaka-8.jpg", "path_data": "af2e6d11-846", "body": "test", "date_post": "2022-11-15T11:57:25.601Z", "user_post": 2, "slug": "test", "point_likes": 0, "likes": []}}, {"model": "myapp.post", "pk": 258, "fields": {"title": "test", "video": "", "image": "83eed249-63a_[Turtlerider]_mainCharacter_Sketch_03_ac.jpg", "path_data": "af2e6d11-846", "body": "test", "date_post": "2022-11-15T11:57:27.597Z", "user_post": 2, "slug": "test", "point_likes": 0, "likes": []}}, {"model": "myapp.post", "pk": 259, "fields": {"title": "test", "video": "", "image": "292d179f-908_Anatomy_Studies.jpg", "path_data": "af2e6d11-846", "body": "test", "date_post": "2022-11-15T11:57:29.609Z", "user_post": 2, "slug": "test", "point_likes": 0, "likes": []}}, {"model": "myapp.post", "pk": 260, "fields": {"title": "test", "video": "", "image": "8540036d-d2a_f920731f-4e5.jpg", "path_data": "af2e6d11-846", "body": "test", "date_post": "2022-11-15T11:57:31.605Z", "user_post": 2, "slug": "test", "point_likes": 0, "likes": []}}, {"model": "myapp.post", "pk": 261, "fields": {"title": "test", "video": "", "image": "78fe042a-e21_87479_202314.jpg", "path_data": "af2e6d11-846", "body": "test", "date_post": "2022-11-15T11:57:33.612Z", "user_post": 2, "slug": "test", "point_likes": 0, "likes": []}}, {"model": "myapp.post", "pk": 262, "fields": {"title": "weed", "video": "", "image": "0f781825-3d2_lpx74N538AU.jpg", "path_data": "", "body": "weed", "date_post": "2022-11-15T12:06:31.739Z", "user_post": 1, "slug": "weed", "point_likes": 0, "likes": []}}, {"model": "myapp.post", "pk": 263, "fields": {"title": "test", "video": "", "image": "5921d07d-a29_5202255-R3L8T8D-600-0_84beb_ca030530_orig.jpg", "path_data": "af2e6d11-846", "body": "test", "date_post": "2022-11-15T13:43:06.358Z", "user_post": 2, "slug": "test", "point_likes": 0, "likes": []}}, {"model": "myapp.post", "pk": 264, "fields": {"title": "test", "video": "", "image": "f6116eb5-259_avatar_blog_slider_300x300.jpg", "path_data": "af2e6d11-846", "body": "test", "date_post": "2022-11-15T13:43:08.361Z", "user_post": 2, "slug": "test", "point_likes": 0, "likes": []}}, {"model": "myapp.post", "pk": 265, "fields": {"title": "test", "video": "", "image": "e704455b-789_f38d9fcb-7bf.png", "path_data": "af2e6d11-846", "body": "test", "date_post": "2022-11-15T13:43:10.364Z", "user_post": 2, "slug": "test", "point_likes": 0, "likes": []}}, {"model": "myapp.post", "pk": 266, "fields": {"title": "test", "video": "", "image": "98971dd5-db1_c3029e8c-9de.png", "path_data": "af2e6d11-846", "body": "test", "date_post": "2022-11-15T13:43:12.367Z", "user_post": 2, "slug": "test", "point_likes": 0, "likes": []}}, {"model": "myapp.post", "pk": 267, "fields": {"title": "Audi 80", "video": "", "image": "574fc13d-e0f_9813306807e5d21826788a045fdab221.jpg", "path_data": "38ae101b-5de", "body": "Audi 80", "date_post": "2022-11-16T15:47:27.333Z", "user_post": 5, "slug": "audi-80", "point_likes": 1, "likes": [5]}}, {"model": "myapp.post", "pk": 268, "fields": {"title": "dffxc", "video": "", "image": "a34e20c6-981_1_z_946c0782.jpg", "path_data": "", "body": "dffxc", "date_post": "2022-11-16T18:08:50.978Z", "user_post": 1, "slug": "dffxc", "point_likes": 0, "likes": []}}, {"model": "myapp.post", "pk": 269, "fields": {"title": "dsfdsf", "video": "", "image": "593af4f1-ba7_PoO_DbSvEZE.jpg", "path_data": "", "body": "dsfdsf", "date_post": "2022-11-17T07:20:38.356Z", "user_post": 1, "slug": "dsfdsf", "point_likes": 0, "likes": []}}, {"model": "myapp.post", "pk": 270, "fields": {"title": "sadasd", "video": "", "image": "f731e68f-62a_mobile-frontpage-kaz-star-wars.jpg", "path_data": "", "body": "sadasd", "date_post": "2022-11-17T07:22:25.910Z", "user_post": 1, "slug": "sadasd", "point_likes": 0, "likes": []}}, {"model": "myapp.post", "pk": 271, "fields": {"title": "dasd", "video": "", "image": "f0a5ec07-2e6_5c82907f-ceb.png", "path_data": "", "body": "dasd", "date_post": "2022-11-17T07:23:35.885Z", "user_post": 1, "slug": "dasd", "point_likes": 0, "likes": []}}, {"model": "myapp.post", "pk": 272, "fields": {"title": "asd", "video": "", "image": "57df41d2-002_0_artt.jpg", "path_data": "", "body": "asd", "date_post": "2022-11-17T07:27:19.000Z", "user_post": 1, "slug": "asd", "point_likes": 0, "likes": []}}, {"model": "myapp.post", "pk": 273, "fields": {"title": "asd", "video": "", "image": "acf856bc-ba6_png-transparent-space-suit-astronaut-monkeys-and-apes-in-space-drawing-astronaut-hand-drawn-fictional-character-outer-space.png", "path_data": "", "body": "asd", "date_post": "2022-11-17T07:27:25.087Z", "user_post": 1, "slug": "asd", "point_likes": 0, "likes": []}}, {"model": "myapp.post", "pk": 274, "fields": {"title": "sd", "video": "", "image": "622cf469-b3e_nastol.com.ua_9568.jpg", "path_data": "", "body": "sd", "date_post": "2022-11-17T11:37:55.443Z", "user_post": 1, "slug": "sd", "point_likes": 0, "likes": []}}, {"model": "myapp.post", "pk": 275, "fields": {"title": "test", "video": "", "image": "774ad1c1-594_1309778906_402770.jpg", "path_data": "af2e6d11-846", "body": "test", "date_post": "2022-11-17T12:14:36.885Z", "user_post": 2, "slug": "test", "point_likes": 0, "likes": []}}, {"model": "myapp.post", "pk": 276, "fields": {"title": "test", "video": "", "image": "e9cb067c-ed4_Dia De Los Trooper.png", "path_data": "af2e6d11-846", "body": "test", "date_post": "2022-11-17T12:14:38.887Z", "user_post": 2, "slug": "test", "point_likes": 1, "likes": [5]}}, {"model": "myapp.post", "pk": 278, "fields": {"title": "mercedes", "video": "", "image": "311fc9c3-73d_9debbee72ce9e1e46f697c020dd5b3df.jpg", "path_data": "", "body": "mercedes", "date_post": "2022-11-17T18:05:04.849Z", "user_post": 1, "slug": "mercedes", "point_likes": 0, "likes": []}}, {"model": "myapp.post", "pk": 279, "fields": {"title": "sddsd", "video": "", "image": "b2679602-2d1_tutorial__forshortening_by_sayno2u-d34z3q7.jpg", "path_data": "", "body": "sddsd", "date_post": "2022-11-18T12:04:15.422Z", "user_post": 1, "slug": "sddsd", "point_likes": 0, "likes": []}}, {"model": "myapp.post", "pk": 280, "fields": {"title": "sadsadsad", "video": "", "image": "", "path_data": "", "body": "sadsadsad", "date_post": "2022-11-18T12:06:08.365Z", "user_post": 1, "slug": "sadsadsad", "point_likes": 2, "likes": [1, 3]}}, {"model": "myapp.post", "pk": 281, "fields": {"title": "ячс", "video": "", "image": "", "path_data": "", "body": "ячс", "date_post": "2022-11-18T12:58:28.655Z", "user_post": 1, "slug": "", "point_likes": 0, "likes": []}}, {"model": "myapp.post", "pk": 282, "fields": {"title": "test", "video": "", "image": "c6f11ff7-8ec_510067.jpg", "path_data": "af2e6d11-846", "body": "test", "date_post": "2022-11-18T13:03:13.280Z", "user_post": 2, "slug": "test", "point_likes": 0, "likes": []}}, {"model": "myapp.post", "pk": 283, "fields": {"title": "test", "video": "", "image": "24b969f5-8d6_O3fTWZgygLw.jpg", "path_data": "af2e6d11-846", "body": "test", "date_post": "2022-11-18T13:03:15.280Z", "user_post": 2, "slug": "test", "point_likes": 0, "likes": []}}, {"model": "myapp.post", "pk": 284, "fields": {"title": "test", "video": "", "image": "1e4bc776-8c8_30GERMANY-master1050.jpg", "path_data": "af2e6d11-846", "body": "test", "date_post": "2022-11-18T13:03:17.285Z", "user_post": 2, "slug": "test", "point_likes": 0, "likes": []}}, {"model": "myapp.post", "pk": 285, "fields": {"title": "test", "video": "", "image": "7adbe48e-7d6_9tWPYDtkvzQ.jpg", "path_data": "af2e6d11-846", "body": "test", "date_post": "2022-11-18T13:03:19.289Z", "user_post": 2, "slug": "test", "point_likes": 0, "likes": []}}, {"model": "myapp.post", "pk": 286, "fields": {"title": "test", "video": "", "image": "c8d83a5c-d5e_tumblr_nj76qs7Vqh1rjgb38o1_500.jpg", "path_data": "af2e6d11-846", "body": "test", "date_post": "2022-11-18T13:03:21.292Z", "user_post": 2, "slug": "test", "point_likes": 0, "likes": []}}, {"model": "myapp.post", "pk": 287, "fields": {"title": "test", "video": "", "image": "14c6b3f1-1ec_mw105.jpg", "path_data": "af2e6d11-846", "body": "test", "date_post": "2022-11-18T13:03:23.295Z", "user_post": 2, "slug": "test", "point_likes": 0, "likes": []}}, {"model": "myapp.post", "pk": 288, "fields": {"title": "test", "video": "", "image": "ef719953-f3b_tumblr_nmyg3926Yq1rjgb38o1_1280.jpg", "path_data": "af2e6d11-846", "body": "test", "date_post": "2022-11-18T13:03:25.299Z", "user_post": 2, "slug": "test", "point_likes": 0, "likes": []}}, {"model": "myapp.post", "pk": 289, "fields": {"title": "test", "video": "", "image": "39a51dda-64a_FreeVector-Star-Wars-Logo-And-Characters.jpg", "path_data": "af2e6d11-846", "body": "test", "date_post": "2022-11-18T13:03:27.300Z", "user_post": 2, "slug": "test", "point_likes": 0, "likes": []}}, {"model": "myapp.post", "pk": 290, "fields": {"title": "test", "video": "", "image": "1c135111-61d_9c3e18d9-883.png", "path_data": "af2e6d11-846", "body": "test", "date_post": "2022-11-18T13:03:29.302Z", "user_post": 2, "slug": "test", "point_likes": 0, "likes": []}}, {"model": "myapp.comment", "pk": 1, "fields": {"post_id": 243, "comment_user": 1, "comment_text": "ASD", "comment_image": "d6d7e1ed-62f", "timecomment": "2022-11-12T09:48:09.826Z"}}, {"model": "myapp.comment", "pk": 2, "fields": {"post_id": 243, "comment_user": 1, "comment_text": "asd", "comment_image": "", "timecomment": "2022-11-12T09:50:15.144Z"}}, {"model": "myapp.comment", "pk": 3, "fields": {"post_id": 243, "comment_user": 1, "comment_text": "asd", "comment_image": "", "timecomment": "2022-11-12T09:50:32.374Z"}}, {"model": "myapp.comment", "pk": 4, "fields": {"post_id": 243, "comment_user": 1, "comment_text": "asdasfsd", "comment_image": "cd23a894-3fb", "timecomment": "2022-11-12T09:51:21.118Z"}}, {"model": "myapp.comment", "pk": 5, "fields": {"post_id": 243, "comment_user": 1, "comment_text": "sad", "comment_image": "", "timecomment": "2022-11-12T09:51:24.883Z"}}, {"model": "myapp.comment", "pk": 6, "fields": {"post_id": 243, "comment_user": 1, "comment_text": "asfsd", "comment_image": "", "timecomment": "2022-11-12T09:55:20.517Z"}}, {"model": "myapp.comment", "pk": 7, "fields": {"post_id": 243, "comment_user": 1, "comment_text": "asfgdscx", "comment_image": "5cea3aae-758", "timecomment": "2022-11-12T09:55:27.234Z"}}, {"model": "myapp.comment", "pk": 8, "fields": {"post_id": 243, "comment_user": 1, "comment_text": "sadzxzxASASD", "comment_image": "", "timecomment": "2022-11-12T09:55:36.579Z"}}, {"model": "myapp.comment", "pk": 9, "fields": {"post_id": 243, "comment_user": 1, "comment_text": "asdf", "comment_image": "", "timecomment": "2022-11-12T09:56:44.069Z"}}, {"model": "myapp.comment", "pk": 10, "fields": {"post_id": 243, "comment_user": 1, "comment_text": "asdfadsf", "comment_image": "63af344d-052", "timecomment": "2022-11-12T09:56:50.297Z"}}, {"model": "myapp.comment", "pk": 11, "fields": {"post_id": 243, "comment_user": 1, "comment_text": "sdf", "comment_image": "", "timecomment": "2022-11-12T09:56:53.832Z"}}, {"model": "myapp.comment", "pk": 12, "fields": {"post_id": 243, "comment_user": 1, "comment_text": "asdf", "comment_image": "", "timecomment": "2022-11-12T09:56:55.832Z"}}, {"model": "myapp.comment", "pk": 13, "fields": {"post_id": 242, "comment_user": 1, "comment_text": "sadf", "comment_image": "", "timecomment": "2022-11-12T09:57:53.490Z"}}, {"model": "myapp.comment", "pk": 14, "fields": {"post_id": 242, "comment_user": 1, "comment_text": "dsg", "comment_image": "d8f187fd-939", "timecomment": "2022-11-12T09:58:01.368Z"}}, {"model": "myapp.comment", "pk": 15, "fields": {"post_id": 242, "comment_user": 1, "comment_text": "asdf", "comment_image": "", "timecomment": "2022-11-12T09:58:07.165Z"}}, {"model": "myapp.comment", "pk": 16, "fields": {"post_id": 242, "comment_user": 1, "comment_text": "sadf", "comment_image": "", "timecomment": "2022-11-12T09:58:11.423Z"}}, {"model": "myapp.comment", "pk": 17, "fields": {"post_id": 242, "comment_user": 1, "comment_text": "sadf", "comment_image": "75f33b4c-afe", "timecomment": "2022-11-12T09:58:16.941Z"}}, {"model": "myapp.comment", "pk": 18, "fields": {"post_id": 242, "comment_user": 1, "comment_text": "sadf", "comment_image": "156331ca-da4", "timecomment": "2022-11-12T09:58:26.574Z"}}, {"model": "myapp.comment", "pk": 19, "fields": {"post_id": 244, "comment_user": 1, "comment_text": "safdf", "comment_image": "", "timecomment": "2022-11-12T10:11:02.204Z"}}, {"model": "myapp.comment", "pk": 20, "fields": {"post_id": 244, "comment_user": 1, "comment_text": "12", "comment_image": "", "timecomment": "2022-11-12T10:11:04.874Z"}}, {"model": "myapp.comment", "pk": 21, "fields": {"post_id": 244, "comment_user": 1, "comment_text": "asfd", "comment_image": "", "timecomment": "2022-11-12T10:11:08.984Z"}}, {"model": "myapp.comment", "pk": 22, "fields": {"post_id": 242, "comment_user": 1, "comment_text": "asd", "comment_image": "", "timecomment": "2022-11-12T10:12:41.893Z"}}, {"model": "myapp.comment", "pk": 23, "fields": {"post_id": 242, "comment_user": 1, "comment_text": "sdf", "comment_image": "", "timecomment": "2022-11-12T10:12:43.826Z"}}, {"model": "myapp.comment", "pk": 24, "fields": {"post_id": 242, "comment_user": 1, "comment_text": "12q", "comment_image": "3bf1dee1-fbf", "timecomment": "2022-11-12T10:12:49.478Z"}}, {"model": "myapp.comment", "pk": 25, "fields": {"post_id": 242, "comment_user": 1, "comment_text": "sdf", "comment_image": "", "timecomment": "2022-11-12T10:12:54.797Z"}}, {"model": "myapp.comment", "pk": 26, "fields": {"post_id": 242, "comment_user": 1, "comment_text": "sff", "comment_image": "", "timecomment": "2022-11-12T10:12:57.435Z"}}, {"model": "myapp.comment", "pk": 27, "fields": {"post_id": 241, "comment_user": 1, "comment_text": "sadf", "comment_image": "", "timecomment": "2022-11-12T10:12:59.988Z"}}, {"model": "myapp.comment", "pk": 28, "fields": {"post_id": 242, "comment_user": 1, "comment_text": "sdfxzx", "comment_image": "", "timecomment": "2022-11-12T10:13:05.088Z"}}, {"model": "myapp.comment", "pk": 29, "fields": {"post_id": 241, "comment_user": 1, "comment_text": "asdf", "comment_image": "", "timecomment": "2022-11-12T10:13:09.696Z"}}, {"model": "myapp.comment", "pk": 30, "fields": {"post_id": 243, "comment_user": 1, "comment_text": "asdf", "comment_image": "", "timecomment": "2022-11-12T10:13:17.376Z"}}, {"model": "myapp.comment", "pk": 31, "fields": {"post_id": 242, "comment_user": 1, "comment_text": "asdf", "comment_image": "9ed725d4-c42", "timecomment": "2022-11-12T10:13:32.286Z"}}, {"model": "myapp.comment", "pk": 32, "fields": {"post_id": 243, "comment_user": 1, "comment_text": "asdf", "comment_image": "26ad3590-815", "timecomment": "2022-11-12T10:13:42.989Z"}}, {"model": "myapp.comment", "pk": 33, "fields": {"post_id": 243, "comment_user": 1, "comment_text": "sadf", "comment_image": "", "timecomment": "2022-11-12T10:13:45.489Z"}}, {"model": "myapp.comment", "pk": 34, "fields": {"post_id": 243, "comment_user": 1, "comment_text": "sadf", "comment_image": "", "timecomment": "2022-11-12T10:13:57.442Z"}}, {"model": "myapp.comment", "pk": 35, "fields": {"post_id": 244, "comment_user": 1, "comment_text": "sfdf", "comment_image": "", "timecomment": "2022-11-12T10:18:18.437Z"}}, {"model": "myapp.comment", "pk": 36, "fields": {"post_id": 244, "comment_user": 1, "comment_text": "фывв", "comment_image": "", "timecomment": "2022-11-12T13:12:00.849Z"}}, {"model": "myapp.comment", "pk": 37, "fields": {"post_id": 241, "comment_user": 1, "comment_text": "asd", "comment_image": "", "timecomment": "2022-11-12T13:14:12.121Z"}}, {"model": "myapp.comment", "pk": 38, "fields": {"post_id": 241, "comment_user": 1, "comment_text": "ZSzd", "comment_image": "", "timecomment": "2022-11-12T13:14:15.275Z"}}, {"model": "myapp.comment", "pk": 39, "fields": {"post_id": 1, "comment_user": 1, "comment_text": "sd", "comment_image": "", "timecomment": "2022-11-12T13:14:21.991Z"}}, {"model": "myapp.comment", "pk": 40, "fields": {"post_id": 4, "comment_user": 1, "comment_text": "aSD", "comment_image": "", "timecomment": "2022-11-12T13:14:26.918Z"}}, {"model": "myapp.comment", "pk": 41, "fields": {"post_id": 91, "comment_user": 5, "comment_text": "Комментарий тестовый", "comment_image": "", "timecomment": "2022-11-16T16:17:01.575Z"}}, {"model": "myapp.comment", "pk": 42, "fields": {"post_id": 267, "comment_user": 5, "comment_text": "Тест", "comment_image": "f79e7688-176", "timecomment": "2022-11-16T16:21:48.267Z"}}, {"model": "myapp.comment", "pk": 43, "fields": {"post_id": 267, "comment_user": 5, "comment_text": "Норм", "comment_image": "", "timecomment": "2022-11-16T16:22:12.103Z"}}, {"model": "myapp.comment", "pk": 44, "fields": {"post_id": 267, "comment_user": 1, "comment_text": "asdaf", "comment_image": "", "timecomment": "2022-11-16T17:54:46.933Z"}}, {"model": "myapp.comment", "pk": 45, "fields": {"post_id": 267, "comment_user": 1, "comment_text": "sadf", "comment_image": "58896bfb-792", "timecomment": "2022-11-16T17:55:07.338Z"}}, {"model": "myapp.comment", "pk": 46, "fields": {"post_id": 268, "comment_user": 1, "comment_text": "xzvczxv", "comment_image": "", "timecomment": "2022-11-16T18:09:14.945Z"}}, {"model": "myapp.comment", "pk": 47, "fields": {"post_id": 273, "comment_user": 1, "comment_text": "wqedc", "comment_image": "", "timecomment": "2022-11-17T07:32:18.221Z"}}, {"model": "myapp.comment", "pk": 48, "fields": {"post_id": 273, "comment_user": 1, "comment_text": "asdfs", "comment_image": "", "timecomment": "2022-11-17T07:32:20.544Z"}}, {"model": "myapp.comment", "pk": 49, "fields": {"post_id": 273, "comment_user": 1, "comment_text": "dasdf", "comment_image": "", "timecomment": "2022-11-17T07:32:47.050Z"}}, {"model": "myapp.comment", "pk": 50, "fields": {"post_id": 273, "comment_user": 1, "comment_text": "qweqwe", "comment_image": "c0ff793c-c32", "timecomment": "2022-11-17T07:33:21.190Z"}}, {"model": "myapp.comment", "pk": 51, "fields": {"post_id": 273, "comment_user": 1, "comment_text": "asdasfd", "comment_image": "", "timecomment": "2022-11-17T07:33:31.249Z"}}, {"model": "myapp.comment", "pk": 52, "fields": {"post_id": 273, "comment_user": 1, "comment_text": "dasd", "comment_image": "", "timecomment": "2022-11-17T07:33:33.811Z"}}, {"model": "myapp.comment", "pk": 53, "fields": {"post_id": 272, "comment_user": 1, "comment_text": "sadasd", "comment_image": "", "timecomment": "2022-11-17T07:33:37.171Z"}}, {"model": "myapp.comment", "pk": 54, "fields": {"post_id": 272, "comment_user": 1, "comment_text": "qsadasd", "comment_image": "", "timecomment": "2022-11-17T07:33:40.319Z"}}, {"model": "myapp.comment", "pk": 55, "fields": {"post_id": 273, "comment_user": 1, "comment_text": "asdasf", "comment_image": "", "timecomment": "2022-11-17T07:33:44.594Z"}}, {"model": "myapp.comment", "pk": 56, "fields": {"post_id": 272, "comment_user": 1, "comment_text": "asdasf", "comment_image": "4ba489c7-1c6", "timecomment": "2022-11-17T07:33:58.910Z"}}, {"model": "myapp.comment", "pk": 57, "fields": {"post_id": 272, "comment_user": 1, "comment_text": "asdasd", "comment_image": "", "timecomment": "2022-11-17T07:34:02.577Z"}}, {"model": "myapp.comment", "pk": 58, "fields": {"post_id": 273, "comment_user": 1, "comment_text": "ыфва", "comment_image": "", "timecomment": "2022-11-17T11:07:46.026Z"}}, {"model": "myapp.comment", "pk": 59, "fields": {"post_id": 272, "comment_user": 1, "comment_text": "фыва", "comment_image": "", "timecomment": "2022-11-17T11:12:28.863Z"}}, {"model": "myapp.comment", "pk": 60, "fields": {"post_id": 273, "comment_user": 1, "comment_text": "saddsf", "comment_image": "", "timecomment": "2022-11-17T11:44:55.203Z"}}, {"model": "myapp.comment", "pk": 61, "fields": {"post_id": 267, "comment_user": 1, "comment_text": "sadasfd", "comment_image": "", "timecomment": "2022-11-17T11:45:12.806Z"}}, {"model": "myapp.comment", "pk": 62, "fields": {"post_id": 267, "comment_user": 1, "comment_text": "asd", "comment_image": "", "timecomment": "2022-11-17T11:45:15.517Z"}}, {"model": "myapp.comment", "pk": 63, "fields": {"post_id": 267, "comment_user": 1, "comment_text": "asd", "comment_image": "", "timecomment": "2022-11-17T11:45:18.370Z"}}, {"model": "myapp.comment", "pk": 64, "fields": {"post_id": 267, "comment_user": 1, "comment_text": "sadasf", "comment_image": "", "timecomment": "2022-11-17T11:48:43.377Z"}}, {"model": "myapp.comment", "pk": 65, "fields": {"post_id": 267, "comment_user": 1, "comment_text": "adfasd", "comment_image": "", "timecomment": "2022-11-17T11:49:05.969Z"}}, {"model": "myapp.comment", "pk": 66, "fields": {"post_id": 267, "comment_user": 1, "comment_text": "asdfas", "comment_image": "", "timecomment": "2022-11-17T11:49:31.984Z"}}, {"model": "myapp.comment", "pk": 67, "fields": {"post_id": 267, "comment_user": 1, "comment_text": "asdf", "comment_image": "", "timecomment": "2022-11-17T11:49:34.642Z"}}, {"model": "myapp.comment", "pk": 68, "fields": {"post_id": 267, "comment_user": 1, "comment_text": "asdasf", "comment_image": "", "timecomment": "2022-11-17T11:49:37.274Z"}}, {"model": "myapp.comment", "pk": 69, "fields": {"post_id": 274, "comment_user": 1, "comment_text": "asd", "comment_image": "", "timecomment": "2022-11-17T11:51:09.249Z"}}, {"model": "myapp.comment", "pk": 70, "fields": {"post_id": 274, "comment_user": 1, "comment_text": "asdf", "comment_image": "", "timecomment": "2022-11-17T11:51:12.571Z"}}, {"model": "myapp.comment", "pk": 71, "fields": {"post_id": 274, "comment_user": 1, "comment_text": "asd", "comment_image": "", "timecomment": "2022-11-17T11:51:26.873Z"}}, {"model": "myapp.comment", "pk": 72, "fields": {"post_id": 274, "comment_user": 1, "comment_text": "asdf", "comment_image": "", "timecomment": "2022-11-17T11:51:57.348Z"}}, {"model": "myapp.comment", "pk": 73, "fields": {"post_id": 274, "comment_user": 1, "comment_text": "asdf", "comment_image": "", "timecomment": "2022-11-17T11:52:13.336Z"}}, {"model": "myapp.comment", "pk": 74, "fields": {"post_id": 274, "comment_user": 1, "comment_text": "asdf", "comment_image": "", "timecomment": "2022-11-17T11:52:15.287Z"}}, {"model": "myapp.comment", "pk": 75, "fields": {"post_id": 274, "comment_user": 1, "comment_text": "sdfsdgsdf", "comment_image": "", "timecomment": "2022-11-17T11:52:27.987Z"}}, {"model": "myapp.comment", "pk": 76, "fields": {"post_id": 274, "comment_user": 1, "comment_text": "asdf", "comment_image": "", "timecomment": "2022-11-17T11:52:49.862Z"}}, {"model": "myapp.comment", "pk": 77, "fields": {"post_id": 274, "comment_user": 1, "comment_text": "asdf", "comment_image": "", "timecomment": "2022-11-17T11:53:20.572Z"}}, {"model": "myapp.comment", "pk": 78, "fields": {"post_id": 274, "comment_user": 1, "comment_text": "asdgfd", "comment_image": "", "timecomment": "2022-11-17T11:53:22.155Z"}}, {"model": "myapp.comment", "pk": 79, "fields": {"post_id": 274, "comment_user": 1, "comment_text": "asdfdsfg", "comment_image": "", "timecomment": "2022-11-17T11:53:23.637Z"}}, {"model": "myapp.comment", "pk": 80, "fields": {"post_id": 274, "comment_user": 1, "comment_text": "asdasf", "comment_image": "", "timecomment": "2022-11-17T11:53:41.795Z"}}, {"model": "myapp.comment", "pk": 81, "fields": {"post_id": 274, "comment_user": 1, "comment_text": "asdasf", "comment_image": "", "timecomment": "2022-11-17T11:53:43.772Z"}}, {"model": "myapp.comment", "pk": 82, "fields": {"post_id": 274, "comment_user": 1, "comment_text": "asdasf", "comment_image": "", "timecomment": "2022-11-17T11:54:25.282Z"}}, {"model": "myapp.comment", "pk": 83, "fields": {"post_id": 274, "comment_user": 1, "comment_text": "sadasf", "comment_image": "", "timecomment": "2022-11-17T11:54:27.070Z"}}, {"model": "myapp.comment", "pk": 84, "fields": {"post_id": 274, "comment_user": 1, "comment_text": "sadasf", "comment_image": "", "timecomment": "2022-11-17T11:54:32.776Z"}}, {"model": "myapp.comment", "pk": 85, "fields": {"post_id": 274, "comment_user": 1, "comment_text": "asdszzz", "comment_image": "", "timecomment": "2022-11-17T11:54:34.941Z"}}, {"model": "myapp.comment", "pk": 86, "fields": {"post_id": 274, "comment_user": 1, "comment_text": "1243434", "comment_image": "", "timecomment": "2022-11-17T11:54:36.783Z"}}, {"model": "myapp.comment", "pk": 87, "fields": {"post_id": 273, "comment_user": 1, "comment_text": "134rghgv", "comment_image": "", "timecomment": "2022-11-17T11:54:40.099Z"}}, {"model": "myapp.comment", "pk": 88, "fields": {"post_id": 272, "comment_user": 1, "comment_text": "sadgfsad", "comment_image": "", "timecomment": "2022-11-17T11:54:44.372Z"}}, {"model": "myapp.comment", "pk": 89, "fields": {"post_id": 269, "comment_user": 1, "comment_text": "XCZFVCSXV", "comment_image": "", "timecomment": "2022-11-17T11:59:51.842Z"}}, {"model": "myapp.comment", "pk": 90, "fields": {"post_id": 269, "comment_user": 1, "comment_text": "SDFSDDDXzzz1", "comment_image": "0a8cb98f-e07", "timecomment": "2022-11-17T12:00:11.269Z"}}, {"model": "myapp.comment", "pk": 91, "fields": {"post_id": 274, "comment_user": 5, "comment_text": "Мотр", "comment_image": "", "timecomment": "2022-11-17T12:09:46.327Z"}}, {"model": "myapp.comment", "pk": 92, "fields": {"post_id": 274, "comment_user": 5, "comment_text": "Прр", "comment_image": "", "timecomment": "2022-11-17T12:10:06.783Z"}}, {"model": "myapp.comment", "pk": 93, "fields": {"post_id": 274, "comment_user": 1, "comment_text": "sdf", "comment_image": "", "timecomment": "2022-11-17T12:12:01.743Z"}}, {"model": "myapp.comment", "pk": 94, "fields": {"post_id": 274, "comment_user": 1, "comment_text": "sdf", "comment_image": "", "timecomment": "2022-11-17T12:12:03.579Z"}}, {"model": "myapp.comment", "pk": 95, "fields": {"post_id": 274, "comment_user": 5, "comment_text": "Проо", "comment_image": "", "timecomment": "2022-11-17T12:12:37.204Z"}}, {"model": "myapp.comment", "pk": 96, "fields": {"post_id": 274, "comment_user": 1, "comment_text": "aS", "comment_image": "", "timecomment": "2022-11-17T12:13:11.188Z"}}, {"model": "myapp.comment", "pk": 97, "fields": {"post_id": 274, "comment_user": 5, "comment_text": "Рор", "comment_image": "", "timecomment": "2022-11-17T12:13:26.237Z"}}, {"model": "myapp.comment", "pk": 98, "fields": {"post_id": 274, "comment_user": 1, "comment_text": "dsgfdgf", "comment_image": "", "timecomment": "2022-11-17T12:14:21.168Z"}}, {"model": "myapp.comment", "pk": 99, "fields": {"post_id": 274, "comment_user": 1, "comment_text": "sdaf", "comment_image": "", "timecomment": "2022-11-17T12:14:22.978Z"}}, {"model": "myapp.comment", "pk": 100, "fields": {"post_id": 275, "comment_user": 5, "comment_text": "Ррг", "comment_image": "", "timecomment": "2022-11-17T12:14:48.647Z"}}, {"model": "myapp.comment", "pk": 101, "fields": {"post_id": 275, "comment_user": 1, "comment_text": "sdqdfsa", "comment_image": "", "timecomment": "2022-11-17T12:14:52.542Z"}}, {"model": "myapp.comment", "pk": 102, "fields": {"post_id": 275, "comment_user": 1, "comment_text": "dsaf", "comment_image": "", "timecomment": "2022-11-17T12:15:00.837Z"}}, {"model": "myapp.comment", "pk": 103, "fields": {"post_id": 275, "comment_user": 1, "comment_text": "adasd", "comment_image": "", "timecomment": "2022-11-17T12:15:08.748Z"}}, {"model": "myapp.comment", "pk": 104, "fields": {"post_id": 275, "comment_user": 1, "comment_text": "aSDD", "comment_image": "", "timecomment": "2022-11-17T12:15:15.329Z"}}, {"model": "myapp.comment", "pk": 105, "fields": {"post_id": 275, "comment_user": 5, "comment_text": "Роти", "comment_image": "", "timecomment": "2022-11-17T12:15:28.092Z"}}, {"model": "myapp.comment", "pk": 106, "fields": {"post_id": 267, "comment_user": 1, "comment_text": "sad", "comment_image": "", "timecomment": "2022-11-17T12:48:29.443Z"}}, {"model": "myapp.comment", "pk": 107, "fields": {"post_id": 273, "comment_user": 5, "comment_text": "Рроо", "comment_image": "", "timecomment": "2022-11-17T16:13:22.338Z"}}, {"model": "myapp.comment", "pk": 108, "fields": {"post_id": 273, "comment_user": 5, "comment_text": "Проо", "comment_image": "", "timecomment": "2022-11-17T16:13:30.843Z"}}, {"model": "myapp.comment", "pk": 109, "fields": {"post_id": 276, "comment_user": 5, "comment_text": "Ghhh", "comment_image": "63731b7b-a08", "timecomment": "2022-11-17T16:28:58.068Z"}}, {"model": "myapp.comment", "pk": 110, "fields": {"post_id": 75, "comment_user": 1, "comment_text": "sadf", "comment_image": "", "timecomment": "2022-11-17T17:39:15.906Z"}}, {"model": "myapp.comment", "pk": 111, "fields": {"post_id": 75, "comment_user": 1, "comment_text": "asd", "comment_image": "", "timecomment": "2022-11-17T17:39:17.474Z"}}, {"model": "myapp.comment", "pk": 112, "fields": {"post_id": 274, "comment_user": 1, "comment_text": "saffsad", "comment_image": "", "timecomment": "2022-11-17T17:58:59.533Z"}}, {"model": "myapp.comment", "pk": 113, "fields": {"post_id": 278, "comment_user": 1, "comment_text": "крутая машина", "comment_image": "", "timecomment": "2022-11-17T18:05:40.157Z"}}, {"model": "myapp.comment", "pk": 114, "fields": {"post_id": 278, "comment_user": 1, "comment_text": "ыфыв", "comment_image": "", "timecomment": "2022-11-17T18:05:47.609Z"}}, {"model": "myapp.comment", "pk": 115, "fields": {"post_id": 278, "comment_user": 1, "comment_text": "ыфвфыяяч", "comment_image": "", "timecomment": "2022-11-17T18:05:50.352Z"}}, {"model": "myapp.comment", "pk": 116, "fields": {"post_id": 278, "comment_user": 1, "comment_text": "23131243ыв", "comment_image": "", "timecomment": "2022-11-17T18:05:53.143Z"}}, {"model": "myapp.comment", "pk": 117, "fields": {"post_id": 278, "comment_user": 1, "comment_text": "вфыв", "comment_image": "", "timecomment": "2022-11-17T18:05:55.105Z"}}, {"model": "myapp.comment", "pk": 118, "fields": {"post_id": 278, "comment_user": 1, "comment_text": "вфыа", "comment_image": "", "timecomment": "2022-11-17T18:05:57.229Z"}}, {"model": "myapp.comment", "pk": 119, "fields": {"post_id": 278, "comment_user": 1, "comment_text": "аыа", "comment_image": "", "timecomment": "2022-11-17T18:06:00.274Z"}}, {"model": "myapp.relike", "pk": 1, "fields": {"from_post": 243, "to_pers": 3, "status": 1}}, {"model": "myapp.relike", "pk": 2, "fields": {"from_post": 5, "to_pers": 5, "status": 1}}, {"model": "myapp.relike", "pk": 3, "fields": {"from_post": 6, "to_pers": 5, "status": 1}}, {"model": "myapp.relike", "pk": 4, "fields": {"from_post": 7, "to_pers": 5, "status": 1}}, {"model": "myapp.relike", "pk": 5, "fields": {"from_post": 8, "to_pers": 5, "status": 1}}, {"model": "myapp.relike", "pk": 6, "fields": {"from_post": 75, "to_pers": 5, "status": 1}}, {"model": "myapp.relike", "pk": 9, "fields": {"from_post": 267, "to_pers": 5, "status": 1}}, {"model": "myapp.relike", "pk": 11, "fields": {"from_post": 276, "to_pers": 5, "status": 1}}, {"model": "myapp.relike", "pk": 12, "fields": {"from_post": 280, "to_pers": 1, "status": 1}}, {"model": "myapp.relike", "pk": 13, "fields": {"from_post": 280, "to_pers": 3, "status": 1}}, {"model": "privatemessages.thread", "pk": 1, "fields": {"last_message": "2022-11-11T17:58:09.325Z", "participants": [4, 2]}}, {"model": "privatemessages.thread", "pk": 2, "fields": {"last_message": "2022-11-18T13:03:23.125Z", "participants": [1, 3]}}, {"model": "privatemessages.thread", "pk": 3, "fields": {"last_message": "2022-11-17T16:15:09.453Z", "participants": [5, 3]}}, {"model": "privatemessages.thread", "pk": 4, "fields": {"last_message": "2022-11-15T11:56:48.542Z", "participants": [1, 4]}}, {"model": "privatemessages.thread", "pk": 5, "fields": {"last_message": "2022-11-17T16:13:56.883Z", "participants": [1, 5]}}, {"model": "privatemessages.message", "pk": 1, "fields": {"text": "Привет ", "resend": "False", "sender": 4, "thread": 1, "datetime": "2022-11-11T17:58:03.085Z"}}, {"model": "privatemessages.message", "pk": 2, "fields": {"text": "Какая дкрис", "resend": "False", "sender": 4, "thread": 1, "datetime": "2022-11-11T17:58:09.325Z"}}, {"model": "privatemessages.message", "pk": 3, "fields": {"text": "привет", "resend": "False", "sender": 1, "thread": 2, "datetime": "2022-11-12T09:43:45.988Z"}}, {"model": "privatemessages.message", "pk": 4, "fields": {"text": "как", "resend": "False", "sender": 1, "thread": 2, "datetime": "2022-11-12T09:45:14.831Z"}}, {"model": "privatemessages.message", "pk": 5, "fields": {"text": "sdfsed", "resend": "False", "sender": 1, "thread": 2, "datetime": "2022-11-12T09:46:42.950Z"}}, {"model": "privatemessages.message", "pk": 6, "fields": {"text": "asdfsad", "resend": "False", "sender": 1, "thread": 2, "datetime": "2022-11-12T09:46:45.710Z"}}, {"model": "privatemessages.message", "pk": 7, "fields": {"text": "asdasdf", "resend": "False", "sender": 1, "thread": 2, "datetime": "2022-11-12T09:46:47.537Z"}}, {"model": "privatemessages.message", "pk": 8, "fields": {"text": "asd", "resend": "False", "sender": 1, "thread": 2, "datetime": "2022-11-12T09:46:48.937Z"}}, {"model": "privatemessages.message", "pk": 9, "fields": {"text": "asd", "resend": "False", "sender": 1, "thread": 2, "datetime": "2022-11-12T09:46:50.017Z"}}, {"model": "privatemessages.message", "pk": 10, "fields": {"text": "asd", "resend": "False", "sender": 1, "thread": 2, "datetime": "2022-11-12T09:46:50.857Z"}}, {"model": "privatemessages.message", "pk": 11, "fields": {"text": "asd", "resend": "False", "sender": 1, "thread": 2, "datetime": "2022-11-12T09:46:51.905Z"}}, {"model": "privatemessages.message", "pk": 12, "fields": {"text": "asd", "resend": "False", "sender": 1, "thread": 2, "datetime": "2022-11-12T09:46:52.832Z"}}, {"model": "privatemessages.message", "pk": 13, "fields": {"text": "asd", "resend": "False", "sender": 1, "thread": 2, "datetime": "2022-11-12T09:46:53.879Z"}}, {"model": "privatemessages.message", "pk": 14, "fields": {"text": "asd", "resend": "False", "sender": 1, "thread": 2, "datetime": "2022-11-12T09:46:54.735Z"}}, {"model": "privatemessages.message", "pk": 15, "fields": {"text": "asd", "resend": "False", "sender": 1, "thread": 2, "datetime": "2022-11-12T09:46:55.839Z"}}, {"model": "privatemessages.message", "pk": 16, "fields": {"text": "asd", "resend": "False", "sender": 1, "thread": 2, "datetime": "2022-11-12T09:46:56.855Z"}}, {"model": "privatemessages.message", "pk": 17, "fields": {"text": "asd", "resend": "False", "sender": 1, "thread": 2, "datetime": "2022-11-12T09:46:57.886Z"}}, {"model": "privatemessages.message", "pk": 18, "fields": {"text": "asd", "resend": "False", "sender": 1, "thread": 2, "datetime": "2022-11-12T09:46:58.759Z"}}, {"model": "privatemessages.message", "pk": 19, "fields": {"text": "asd", "resend": "False", "sender": 1, "thread": 2, "datetime": "2022-11-12T09:47:16.480Z"}}, {"model": "privatemessages.message", "pk": 20, "fields": {"text": "asd", "resend": "False", "sender": 1, "thread": 2, "datetime": "2022-11-12T09:47:16.908Z"}}, {"model": "privatemessages.message", "pk": 21, "fields": {"text": "asd", "resend": "False", "sender": 1, "thread": 2, "datetime": "2022-11-12T09:47:17.321Z"}}, {"model": "privatemessages.message", "pk": 22, "fields": {"text": "asd", "resend": "False", "sender": 1, "thread": 2, "datetime": "2022-11-12T09:47:17.615Z"}}, {"model": "privatemessages.message", "pk": 23, "fields": {"text": "asd", "resend": "False", "sender": 1, "thread": 2, "datetime": "2022-11-12T09:47:17.900Z"}}, {"model": "privatemessages.message", "pk": 24, "fields": {"text": "asd", "resend": "False", "sender": 1, "thread": 2, "datetime": "2022-11-12T09:47:18.215Z"}}, {"model": "privatemessages.message", "pk": 25, "fields": {"text": "asd", "resend": "False", "sender": 1, "thread": 2, "datetime": "2022-11-12T09:47:18.685Z"}}, {"model": "privatemessages.message", "pk": 26, "fields": {"text": "aS", "resend": "False", "sender": 1, "thread": 2, "datetime": "2022-11-12T09:47:19.139Z"}}, {"model": "privatemessages.message", "pk": 27, "fields": {"text": "ASD", "resend": "False", "sender": 1, "thread": 2, "datetime": "2022-11-12T09:47:19.870Z"}}, {"model": "privatemessages.message", "pk": 28, "fields": {"text": "\nSDAS", "resend": "False", "sender": 1, "thread": 2, "datetime": "2022-11-12T09:47:20.534Z"}}, {"model": "privatemessages.message", "pk": 29, "fields": {"text": "D", "resend": "False", "sender": 1, "thread": 2, "datetime": "2022-11-12T09:47:20.859Z"}}, {"model": "privatemessages.message", "pk": 30, "fields": {"text": "ASD", "resend": "False", "sender": 1, "thread": 2, "datetime": "2022-11-12T09:47:21.272Z"}}, {"model": "privatemessages.message", "pk": 31, "fields": {"text": "\nsd\n\n", "resend": "False", "sender": 1, "thread": 2, "datetime": "2022-11-12T09:47:22.102Z"}}, {"model": "privatemessages.message", "pk": 32, "fields": {"text": "ASD", "resend": "False", "sender": 1, "thread": 2, "datetime": "2022-11-12T09:47:22.743Z"}}, {"model": "privatemessages.message", "pk": 33, "fields": {"text": "\n\nsd\n\n", "resend": "False", "sender": 1, "thread": 2, "datetime": "2022-11-12T09:47:23.716Z"}}, {"model": "privatemessages.message", "pk": 34, "fields": {"text": "ASD", "resend": "False", "sender": 1, "thread": 2, "datetime": "2022-11-12T09:47:24.544Z"}}, {"model": "privatemessages.message", "pk": 35, "fields": {"text": "ASD", "resend": "False", "sender": 1, "thread": 2, "datetime": "2022-11-12T09:47:24.999Z"}}, {"model": "privatemessages.message", "pk": 36, "fields": {"text": "ASD", "resend": "False", "sender": 1, "thread": 2, "datetime": "2022-11-12T09:47:25.385Z"}}, {"model": "privatemessages.message", "pk": 37, "fields": {"text": "ASD", "resend": "False", "sender": 1, "thread": 2, "datetime": "2022-11-12T09:47:25.723Z"}}, {"model": "privatemessages.message", "pk": 38, "fields": {"text": "SAD", "resend": "False", "sender": 1, "thread": 2, "datetime": "2022-11-12T09:47:26.127Z"}}, {"model": "privatemessages.message", "pk": 39, "fields": {"text": "AS", "resend": "False", "sender": 1, "thread": 2, "datetime": "2022-11-12T09:47:26.534Z"}}, {"model": "privatemessages.message", "pk": 40, "fields": {"text": "D", "resend": "False", "sender": 1, "thread": 2, "datetime": "2022-11-12T09:47:26.799Z"}}, {"model": "privatemessages.message", "pk": 41, "fields": {"text": "ASD", "resend": "False", "sender": 1, "thread": 2, "datetime": "2022-11-12T09:47:27.403Z"}}, {"model": "privatemessages.message", "pk": 42, "fields": {"text": "SADASDASFD", "resend": "False", "sender": 1, "thread": 2, "datetime": "2022-11-12T09:47:28.704Z"}}, {"model": "privatemessages.message", "pk": 43, "fields": {"text": "SAD", "resend": "False", "sender": 1, "thread": 2, "datetime": "2022-11-12T09:47:29.275Z"}}, {"model": "privatemessages.message", "pk": 44, "fields": {"text": "ASDASDASD", "resend": "False", "sender": 1, "thread": 2, "datetime": "2022-11-12T09:47:30.493Z"}}, {"model": "privatemessages.message", "pk": 45, "fields": {"text": "ASD", "resend": "False", "sender": 1, "thread": 2, "datetime": "2022-11-12T09:47:31.068Z"}}, {"model": "privatemessages.message", "pk": 46, "fields": {"text": "ASD", "resend": "False", "sender": 1, "thread": 2, "datetime": "2022-11-12T09:47:31.771Z"}}, {"model": "privatemessages.message", "pk": 47, "fields": {"text": "ASD", "resend": "False", "sender": 1, "thread": 2, "datetime": "2022-11-12T09:47:32.363Z"}}, {"model": "privatemessages.message", "pk": 48, "fields": {"text": "ASD", "resend": "False", "sender": 1, "thread": 2, "datetime": "2022-11-12T09:47:33.994Z"}}, {"model": "privatemessages.message", "pk": 49, "fields": {"text": "SADASFD", "resend": "False", "sender": 1, "thread": 2, "datetime": "2022-11-12T09:47:44.246Z"}}, {"model": "privatemessages.message", "pk": 50, "fields": {"text": "Роол", "resend": "False", "sender": 3, "thread": 2, "datetime": "2022-11-12T17:33:59.765Z"}}, {"model": "privatemessages.message", "pk": 51, "fields": {"text": "Мрорчс", "resend": "False", "sender": 3, "thread": 2, "datetime": "2022-11-12T17:34:04.402Z"}}, {"model": "privatemessages.message", "pk": 52, "fields": {"text": "Как дела?", "resend": "False", "sender": 5, "thread": 3, "datetime": "2022-11-13T15:54:56.400Z"}}, {"model": "privatemessages.message", "pk": 53, "fields": {"text": "Ghbdsf", "resend": "False", "sender": 1, "thread": 4, "datetime": "2022-11-15T11:56:44.953Z"}}, {"model": "privatemessages.message", "pk": 54, "fields": {"text": "dsfdfsg", "resend": "False", "sender": 1, "thread": 4, "datetime": "2022-11-15T11:56:46.860Z"}}, {"model": "privatemessages.message", "pk": 55, "fields": {"text": "sdfsdfg", "resend": "False", "sender": 1, "thread": 4, "datetime": "2022-11-15T11:56:48.542Z"}}, {"model": "privatemessages.message", "pk": 56, "fields": {"text": "df", "resend": "False", "sender": 1, "thread": 2, "datetime": "2022-11-15T13:44:41.451Z"}}, {"model": "privatemessages.message", "pk": 57, "fields": {"text": "5", "resend": "True", "sender": 5, "thread": 5, "datetime": "2022-11-16T16:10:23.369Z"}}, {"model": "privatemessages.message", "pk": 58, "fields": {"text": "5", "resend": "True", "sender": 5, "thread": 5, "datetime": "2022-11-16T16:10:25.157Z"}}, {"model": "privatemessages.message", "pk": 59, "fields": {"text": "5", "resend": "True", "sender": 5, "thread": 5, "datetime": "2022-11-16T16:10:27.845Z"}}, {"model": "privatemessages.message", "pk": 60, "fields": {"text": "5", "resend": "True", "sender": 5, "thread": 5, "datetime": "2022-11-16T16:10:28.438Z"}}, {"model": "privatemessages.message", "pk": 61, "fields": {"text": "dsfdfsdf\nSADasdas", "resend": "False", "sender": 1, "thread": 2, "datetime": "2022-11-17T07:34:54.942Z"}}, {"model": "privatemessages.message", "pk": 62, "fields": {"text": "1q2sadasd", "resend": "False", "sender": 1, "thread": 2, "datetime": "2022-11-17T07:36:09.301Z"}}, {"model": "privatemessages.message", "pk": 63, "fields": {"text": "asdsad\nSDadasd", "resend": "False", "sender": 1, "thread": 2, "datetime": "2022-11-17T07:36:19.117Z"}}, {"model": "privatemessages.message", "pk": 64, "fields": {"text": "sadasd", "resend": "False", "sender": 1, "thread": 2, "datetime": "2022-11-17T07:36:26.017Z"}}, {"model": "privatemessages.message", "pk": 65, "fields": {"text": "dasd", "resend": "False", "sender": 1, "thread": 2, "datetime": "2022-11-17T07:36:28.252Z"}}, {"model": "privatemessages.message", "pk": 66, "fields": {"text": "sadasd", "resend": "False", "sender": 1, "thread": 2, "datetime": "2022-11-17T07:36:30.457Z"}}, {"model": "privatemessages.message", "pk": 67, "fields": {"text": "dasdf", "resend": "False", "sender": 1, "thread": 5, "datetime": "2022-11-17T07:36:37.407Z"}}, {"model": "privatemessages.message", "pk": 68, "fields": {"text": "asdxz\nAsas", "resend": "False", "sender": 1, "thread": 5, "datetime": "2022-11-17T07:36:41.340Z"}}, {"model": "privatemessages.message", "pk": 69, "fields": {"text": "privetas", "resend": "False", "sender": 1, "thread": 2, "datetime": "2022-11-17T07:38:14.944Z"}}, {"model": "privatemessages.message", "pk": 70, "fields": {"text": "dsfgdfZ", "resend": "False", "sender": 1, "thread": 2, "datetime": "2022-11-17T07:38:19.322Z"}}, {"model": "privatemessages.message", "pk": 71, "fields": {"text": "фыв", "resend": "False", "sender": 1, "thread": 2, "datetime": "2022-11-17T11:09:38.268Z"}}, {"model": "privatemessages.message", "pk": 72, "fields": {"text": "фыва", "resend": "False", "sender": 1, "thread": 2, "datetime": "2022-11-17T11:09:39.924Z"}}, {"model": "privatemessages.message", "pk": 73, "fields": {"text": "273", "resend": "True", "sender": 1, "thread": 2, "datetime": "2022-11-17T11:15:39.311Z"}}, {"model": "privatemessages.message", "pk": 74, "fields": {"text": "fdsf", "resend": "False", "sender": 1, "thread": 2, "datetime": "2022-11-17T11:55:15.192Z"}}, {"model": "privatemessages.message", "pk": 75, "fields": {"text": "asdasd", "resend": "False", "sender": 1, "thread": 2, "datetime": "2022-11-17T11:55:16.760Z"}}, {"model": "privatemessages.message", "pk": 76, "fields": {"text": "qwewqre", "resend": "False", "sender": 1, "thread": 2, "datetime": "2022-11-17T11:55:19.053Z"}}, {"model": "privatemessages.message", "pk": 77, "fields": {"text": "wqeqwe", "resend": "False", "sender": 1, "thread": 2, "datetime": "2022-11-17T11:55:20.982Z"}}, {"model": "privatemessages.message", "pk": 78, "fields": {"text": "esqwe", "resend": "False", "sender": 1, "thread": 2, "datetime": "2022-11-17T11:55:23.647Z"}}, {"model": "privatemessages.message", "pk": 79, "fields": {"text": "asDSADF", "resend": "False", "sender": 1, "thread": 2, "datetime": "2022-11-17T11:56:24.475Z"}}, {"model": "privatemessages.message", "pk": 80, "fields": {"text": "sadasf", "resend": "False", "sender": 1, "thread": 2, "datetime": "2022-11-17T11:57:44.009Z"}}, {"model": "privatemessages.message", "pk": 81, "fields": {"text": "asdfg", "resend": "False", "sender": 1, "thread": 2, "datetime": "2022-11-17T11:57:45.445Z"}}, {"model": "privatemessages.message", "pk": 82, "fields": {"text": "asdaf", "resend": "False", "sender": 1, "thread": 2, "datetime": "2022-11-17T11:57:49.204Z"}}, {"model": "privatemessages.message", "pk": 83, "fields": {"text": "asdasfasd", "resend": "False", "sender": 1, "thread": 2, "datetime": "2022-11-17T11:57:52.854Z"}}, {"model": "privatemessages.message", "pk": 84, "fields": {"text": "asdasf", "resend": "False", "sender": 1, "thread": 2, "datetime": "2022-11-17T11:57:56.299Z"}}, {"model": "privatemessages.message", "pk": 85, "fields": {"text": "asdasf", "resend": "False", "sender": 1, "thread": 2, "datetime": "2022-11-17T11:57:58.156Z"}}, {"model": "privatemessages.message", "pk": 86, "fields": {"text": "asdasf", "resend": "False", "sender": 1, "thread": 2, "datetime": "2022-11-17T11:57:59.964Z"}}, {"model": "privatemessages.message", "pk": 87, "fields": {"text": "asDASFDASD", "resend": "False", "sender": 1, "thread": 2, "datetime": "2022-11-17T11:58:06.152Z"}}, {"model": "privatemessages.message", "pk": 88, "fields": {"text": "ASD", "resend": "False", "sender": 1, "thread": 2, "datetime": "2022-11-17T11:58:07.426Z"}}, {"model": "privatemessages.message", "pk": 89, "fields": {"text": "z`1`2`13", "resend": "False", "sender": 1, "thread": 2, "datetime": "2022-11-17T11:58:10.323Z"}}, {"model": "privatemessages.message", "pk": 90, "fields": {"text": "QW321SDW", "resend": "False", "sender": 1, "thread": 2, "datetime": "2022-11-17T11:58:13.197Z"}}, {"model": "privatemessages.message", "pk": 91, "fields": {"text": "Ролллл", "resend": "False", "sender": 5, "thread": 5, "datetime": "2022-11-17T12:15:37.120Z"}}, {"model": "privatemessages.message", "pk": 92, "fields": {"text": "Ттььььа", "resend": "False", "sender": 5, "thread": 5, "datetime": "2022-11-17T12:15:40.803Z"}}, {"model": "privatemessages.message", "pk": 93, "fields": {"text": "Итьиит", "resend": "False", "sender": 5, "thread": 5, "datetime": "2022-11-17T12:15:44.502Z"}}, {"model": "privatemessages.message", "pk": 94, "fields": {"text": "ASDASF", "resend": "False", "sender": 1, "thread": 2, "datetime": "2022-11-17T12:15:57.280Z"}}, {"model": "privatemessages.message", "pk": 95, "fields": {"text": "ASDASF", "resend": "False", "sender": 1, "thread": 2, "datetime": "2022-11-17T12:16:00.260Z"}}, {"model": "privatemessages.message", "pk": 96, "fields": {"text": "dwsfdsf", "resend": "False", "sender": 1, "thread": 2, "datetime": "2022-11-17T12:39:02.244Z"}}, {"model": "privatemessages.message", "pk": 97, "fields": {"text": "Арп", "resend": "False", "sender": 5, "thread": 5, "datetime": "2022-11-17T16:13:56.883Z"}}, {"model": "privatemessages.message", "pk": 98, "fields": {"text": "Прр", "resend": "False", "sender": 5, "thread": 3, "datetime": "2022-11-17T16:15:09.453Z"}}, {"model": "privatemessages.message", "pk": 99, "fields": {"text": "sadfs", "resend": "False", "sender": 1, "thread": 2, "datetime": "2022-11-18T13:03:21.665Z"}}, {"model": "privatemessages.message", "pk": 100, "fields": {"text": "asdasd", "resend": "False", "sender": 1, "thread": 2, "datetime": "2022-11-18T13:03:23.125Z"}}]